scenario,split_type,threshold_type,metric,n,mean,sd,median,q025,q975
exclude_antihistamines_all,random,fixed_0.5,roc_auc,100,0.7481516204956083,0.08999472201837219,0.7444852941176471,0.5680041315747656,0.918808275058275
exclude_antihistamines_all,random,fixed_0.5,pr_auc,100,0.783802159908738,0.08266605422682761,0.7891824487006179,0.6225350144173467,0.9454250272391527
exclude_antihistamines_all,random,fixed_0.5,balanced_accuracy,100,0.6718948953967039,0.08050121063912154,0.6666666666666667,0.5287993928114896,0.8336177884615383
exclude_antihistamines_all,random,fixed_0.5,accuracy,100,0.674014588194668,0.08222835704126526,0.6665723108594956,0.5285493054686523,0.8327290076335878
exclude_antihistamines_all,random,fixed_0.5,sensitivity,100,0.7779147102897103,0.1285688223338559,0.7857142857142857,0.5094951923076924,1.0
exclude_antihistamines_all,random,fixed_0.5,specificity,100,0.5658750805036977,0.16599676110011857,0.5645833333333334,0.22999526515151522,0.8966071428571428
exclude_antihistamines_all,random,fixed_0.5,precision,100,0.662397792284232,0.09292075305986981,0.6521739130434784,0.5159914712153519,0.8687230989956957
exclude_antihistamines_all,random,fixed_0.5,f1,100,0.7068723911772686,0.0800083944666422,0.7091694183388367,0.5426709296606002,0.85625
exclude_antihistamines_all,random,fixed_0.5,mcc,100,0.3625327593514588,0.1654019771635499,0.3518437235587788,0.06857475537570523,0.6689133521610752
exclude_antihistamines_all,random,fixed_0.5,brier,100,0.2162356239672899,0.01640175254901736,0.21698967728284668,0.1878341640533413,0.2552860739049999
exclude_antihistamines_all,random,train_youden,roc_auc,100,0.7481516204956083,0.08999472201837219,0.7444852941176471,0.5680041315747656,0.918808275058275
exclude_antihistamines_all,random,train_youden,pr_auc,100,0.783802159908738,0.08266605422682761,0.7891824487006179,0.6225350144173467,0.9454250272391527
exclude_antihistamines_all,random,train_youden,balanced_accuracy,100,0.6958901696911991,0.08423838292736671,0.6932503770739065,0.5373697916666667,0.8519279233870966
exclude_antihistamines_all,random,train_youden,accuracy,100,0.6959830803699794,0.08409307502833469,0.6996000499937509,0.5309069571497351,0.8550815523059615
exclude_antihistamines_all,random,train_youden,sensitivity,100,0.6851652514152513,0.15059083307269308,0.6875,0.4079166666666667,0.9259615384615385
exclude_antihistamines_all,random,train_youden,specificity,100,0.7066150879671466,0.1581652325057268,0.7096774193548389,0.3551724137931035,0.9130882352941176
exclude_antihistamines_all,random,train_youden,precision,100,0.7234008782819714,0.10526294312721446,0.7142857142857144,0.5159914712153519,0.8974677985948477
exclude_antihistamines_all,random,train_youden,f1,100,0.6916846816584471,0.10185539076670116,0.7086614173228347,0.48036538461538464,0.8703478417590339
exclude_antihistamines_all,random,train_youden,mcc,100,0.4032539554561974,0.16746517265189106,0.4105771244814128,0.08004745551502637,0.7100393270944847
exclude_antihistamines_all,random,train_youden,brier,100,0.2162356239672899,0.01640175254901736,0.21698967728284668,0.1878341640533413,0.2552860739049999
exclude_antihistamines_all,scaffold,fixed_0.5,roc_auc,100,0.7134215451555029,0.1424560051431099,0.7306931818181819,0.39077519379844966,0.9313041125541126
exclude_antihistamines_all,scaffold,fixed_0.5,pr_auc,100,0.7375755938967206,0.1679604806454631,0.7473094943826791,0.28173287215328296,0.9622063726782956
exclude_antihistamines_all,scaffold,fixed_0.5,balanced_accuracy,100,0.6461921750441132,0.12761158903586592,0.6604545454545455,0.4128068475452197,0.8444583333333332
exclude_antihistamines_all,scaffold,fixed_0.5,accuracy,100,0.6317374174001789,0.1285646888583536,0.6528175182481752,0.39292576993945777,0.8402429467084639
exclude_antihistamines_all,scaffold,fixed_0.5,sensitivity,100,0.7425413498987364,0.18659176900965357,0.7333333333333333,0.3477272727272727,1.0
exclude_antihistamines_all,scaffold,fixed_0.5,specificity,100,0.5498430001894902,0.22452978760730724,0.5393939393939394,0.2,1.0
exclude_antihistamines_all,scaffold,fixed_0.5,precision,100,0.6236545514083054,0.20613290208740065,0.636302294197031,0.18551724137931036,1.0
exclude_antihistamines_all,scaffold,fixed_0.5,f1,100,0.6515898236679769,0.15548220316931377,0.6897810980572192,0.28970588235294115,0.8574157523510971
exclude_antihistamines_all,scaffold,fixed_0.5,mcc,100,0.29973049072982333,0.25495665516881955,0.340055420141311,-0.176454357864831,0.6817679951202045
exclude_antihistamines_all,scaffold,fixed_0.5,brier,100,0.22849609149023845,0.02698711031128756,0.22304634026590495,0.19031464375546084,0.29425325166946215
exclude_antihistamines_all,scaffold,train_youden,roc_auc,100,0.7134215451555029,0.1424560051431099,0.7306931818181819,0.39077519379844966,0.9313041125541126
exclude_antihistamines_all,scaffold,train_youden,pr_auc,100,0.7375755938967206,0.1679604806454631,0.7473094943826791,0.28173287215328296,0.9622063726782956
exclude_antihistamines_all,scaffold,train_youden,balanced_accuracy,100,0.6490817573386637,0.13261389632132078,0.645220497659522,0.3388541666666667,0.866517857142857
exclude_antihistamines_all,scaffold,train_youden,accuracy,100,0.6514189462456897,0.11803165606092317,0.6479395367549858,0.4289214046822743,0.8585561497326202
exclude_antihistamines_all,scaffold,train_youden,sensitivity,100,0.6181550774421383,0.22870130582998208,0.6666666666666666,0.0,1.0
exclude_antihistamines_all,scaffold,train_youden,specificity,100,0.6800084372351891,0.18999911703922176,0.6770833333333335,0.342549542682927,1.0
exclude_antihistamines_all,scaffold,train_youden,precision,100,0.6486815075171037,0.2347146338235943,0.6679790026246721,0.0,1.0
exclude_antihistamines_all,scaffold,train_youden,f1,100,0.6129377084808476,0.1992549725186815,0.6613178120075893,0.0,0.8671944035346096
exclude_antihistamines_all,scaffold,train_youden,mcc,100,0.3050379799678705,0.2616892199537417,0.3072392060596715,-0.2555497412646191,0.7349158897614937
exclude_antihistamines_all,scaffold,train_youden,brier,100,0.22849609149023845,0.02698711031128756,0.22304634026590495,0.19031464375546084,0.29425325166946215
exclude_broad_treatment_all,random,fixed_0.5,roc_auc,100,0.7260823082385697,0.10434955565348314,0.7325487012987013,0.47569332607048126,0.89952683507371
exclude_broad_treatment_all,random,fixed_0.5,pr_auc,100,0.7563137241630491,0.09983230488845098,0.7675657066653776,0.5284094801500734,0.9182298929535581
exclude_broad_treatment_all,random,fixed_0.5,balanced_accuracy,100,0.6677834542156639,0.09292317630964518,0.6736721611721612,0.4795192833985937,0.8259420955882353
exclude_broad_treatment_all,random,fixed_0.5,accuracy,100,0.66773614945183,0.09295539577216948,0.6741582491582492,0.4731313926042486,0.8181932773109241
exclude_broad_treatment_all,random,fixed_0.5,sensitivity,100,0.6832817182817184,0.15889809600024044,0.6794871794871795,0.38461538461538464,0.966071428571428
exclude_broad_treatment_all,random,fixed_0.5,specificity,100,0.6522851901496098,0.15659483705930047,0.662280701754386,0.2895812807881774,0.9090909090909092
exclude_broad_treatment_all,random,fixed_0.5,precision,100,0.6616566135464395,0.11422225817063542,0.6646586345381527,0.4738334760273974,0.8823529411764707
exclude_broad_treatment_all,random,fixed_0.5,f1,100,0.6604292793361701,0.10517819720312305,0.6779661016949153,0.43281484257871067,0.8222783143107989
exclude_broad_treatment_all,random,fixed_0.5,mcc,100,0.3469473936455784,0.19195744953323582,0.36017956702480325,-0.04140448399571384,0.6625567681347735
exclude_broad_treatment_all,random,fixed_0.5,brier,100,0.22132222443565705,0.018703268027996465,0.21939503267401161,0.19133515985499086,0.2626600949365012
exclude_broad_treatment_all,random,train_youden,roc_auc,100,0.7260823082385697,0.10434955565348314,0.7325487012987013,0.47569332607048126,0.89952683507371
exclude_broad_treatment_all,random,train_youden,pr_auc,100,0.7563137241630491,0.09983230488845098,0.7675657066653776,0.5284094801500734,0.9182298929535581
exclude_broad_treatment_all,random,train_youden,balanced_accuracy,100,0.6815899974333983,0.0857888932776657,0.6870679723502304,0.4822288568112922,0.8246991978609625
exclude_broad_treatment_all,random,train_youden,accuracy,100,0.6832299085575212,0.08619818316747062,0.6876647834274953,0.48433745904623227,0.8156504065040648
exclude_broad_treatment_all,random,train_youden,sensitivity,100,0.6419565434565433,0.16803792512322546,0.6363636363636364,0.3,0.9259615384615385
exclude_broad_treatment_all,random,train_youden,specificity,100,0.721223451410253,0.1554358979986068,0.7119815668202767,0.41409313725490204,1.0
exclude_broad_treatment_all,random,train_youden,precision,100,0.7039548162191385,0.12957034417394114,0.6942551119766311,0.49224305106658056,1.0
exclude_broad_treatment_all,random,train_youden,f1,100,0.6544795455348645,0.11357069497413022,0.6691542288557214,0.36609941782355576,0.819672131147541
exclude_broad_treatment_all,random,train_youden,mcc,100,0.3793497426331374,0.17709951157040968,0.39160839160839156,-0.03621474367289944,0.6535044945973049
exclude_broad_treatment_all,random,train_youden,brier,100,0.22132222443565705,0.018703268027996465,0.21939503267401161,0.19133515985499086,0.2626600949365012
exclude_broad_treatment_all,scaffold,fixed_0.5,roc_auc,100,0.7060395442185822,0.12149675088032333,0.7038203065317035,0.4562179487179487,0.9396969696969696
exclude_broad_treatment_all,scaffold,fixed_0.5,pr_auc,100,0.7320582843178641,0.13929784139163875,0.7426311628494151,0.46755185474881444,0.9524185670959863
exclude_broad_treatment_all,scaffold,fixed_0.5,balanced_accuracy,100,0.6455903917723065,0.11007522883655488,0.6461693548387097,0.44042613636363637,0.8241122159090907
exclude_broad_treatment_all,scaffold,fixed_0.5,accuracy,100,0.6303434786905007,0.11207979387443939,0.6350135013501348,0.4030291297935103,0.8150481160206017
exclude_broad_treatment_all,scaffold,fixed_0.5,sensitivity,100,0.677919448845078,0.1942379558796171,0.6666666666666666,0.3127450980392157,1.0
exclude_broad_treatment_all,scaffold,fixed_0.5,specificity,100,0.6132613346995348,0.2077744355983483,0.6162029459901801,0.26204710144927545,1.0
exclude_broad_treatment_all,scaffold,fixed_0.5,precision,100,0.6308966894985952,0.18847352562809258,0.6350832266325226,0.2847628330084471,1.0
exclude_broad_treatment_all,scaffold,fixed_0.5,f1,100,0.6261285181588822,0.14023311427982585,0.6411009174311927,0.3572113847137833,0.8404109589041093
exclude_broad_treatment_all,scaffold,fixed_0.5,mcc,100,0.301161204693457,0.2217137315429122,0.2999962330028125,-0.11520484817941243,0.6454871457332667
exclude_broad_treatment_all,scaffold,fixed_0.5,brier,100,0.2299704671689079,0.02197773009658734,0.22796618084175918,0.18287340554019096,0.27023855898934435
exclude_broad_treatment_all,scaffold,train_youden,roc_auc,100,0.7060395442185822,0.12149675088032333,0.7038203065317035,0.4562179487179487,0.9396969696969696
exclude_broad_treatment_all,scaffold,train_youden,pr_auc,100,0.7320582843178641,0.13929784139163875,0.7426311628494151,0.46755185474881444,0.9524185670959863
exclude_broad_treatment_all,scaffold,train_youden,balanced_accuracy,100,0.6586915645253272,0.09639613117893316,0.6539938556067588,0.4680944843977298,0.8587499999999999
exclude_broad_treatment_all,scaffold,train_youden,accuracy,100,0.6626100851532781,0.08842302131771554,0.6544817556848228,0.5,0.8340564738292011
exclude_broad_treatment_all,scaffold,train_youden,sensitivity,100,0.6315016508539695,0.20151994317576621,0.6306818181818181,0.23541666666666666,1.0
exclude_broad_treatment_all,scaffold,train_youden,specificity,100,0.6858814781966852,0.1923371400427299,0.7,0.330043103448276,1.0
exclude_broad_treatment_all,scaffold,train_youden,precision,100,0.6672802618978889,0.1756950873813024,0.6591360476663358,0.37771118721461194,1.0
exclude_broad_treatment_all,scaffold,train_youden,f1,100,0.6241529200996434,0.14892001427782747,0.6417821782178219,0.2757936507936508,0.8608465608465607
exclude_broad_treatment_all,scaffold,train_youden,mcc,100,0.3276416877005646,0.19703556994544982,0.3214123464634475,-0.06600177598091,0.7112089063803364
exclude_broad_treatment_all,scaffold,train_youden,brier,100,0.2299704671689079,0.02197773009658734,0.22796618084175918,0.18287340554019096,0.27023855898934435
exclude_core_treatment_all,random,fixed_0.5,roc_auc,100,0.7376586007481627,0.09541083328910673,0.7431899641577061,0.56005355276907,0.8932291666666666
exclude_core_treatment_all,random,fixed_0.5,pr_auc,100,0.7653919057805604,0.09174002900332386,0.7696951325747865,0.5968850108743534,0.9115626557754677
exclude_core_treatment_all,random,fixed_0.5,balanced_accuracy,100,0.6727267507468649,0.09422644609706839,0.6797080607564479,0.49318181818181817,0.8565603514132925
exclude_core_treatment_all,random,fixed_0.5,accuracy,100,0.6713996582083839,0.09332266080057189,0.6795384064885496,0.49395750988142295,0.8539570607258353
exclude_core_treatment_all,random,fixed_0.5,sensitivity,100,0.7219477189477189,0.15011035714566714,0.75,0.4166666666666667,0.9634615384615378
exclude_core_treatment_all,random,fixed_0.5,specificity,100,0.6235057825460113,0.16704799537681256,0.6216216216216217,0.31231671554252205,0.9580882352941169
exclude_core_treatment_all,random,fixed_0.5,precision,100,0.6593590555138181,0.11643641607650942,0.6470588235294119,0.48687539531941815,0.9532786885245893
exclude_core_treatment_all,random,fixed_0.5,f1,100,0.6787764739083234,0.09995963241333129,0.6976744186046513,0.4670161642638707,0.8475729105500097
exclude_core_treatment_all,random,fixed_0.5,mcc,100,0.3565439829837186,0.1926700783407223,0.37626803048761387,-0.013730300661787622,0.7138710396898387
exclude_core_treatment_all,random,fixed_0.5,brier,100,0.21993160989875057,0.017366410271713616,0.22061521813170715,0.18689921125325876,0.25451857772744196
exclude_core_treatment_all,random,train_youden,roc_auc,100,0.7376586007481627,0.09541083328910673,0.7431899641577061,0.56005355276907,0.8932291666666666
exclude_core_treatment_all,random,train_youden,pr_auc,100,0.7653919057805604,0.09174002900332386,0.7696951325747865,0.5968850108743534,0.9115626557754677
exclude_core_treatment_all,random,train_youden,balanced_accuracy,100,0.6847571286947494,0.09016146507926057,0.6920424403183023,0.5213168551878229,0.8222776610644257
exclude_core_treatment_all,random,train_youden,accuracy,100,0.6844377148447229,0.09050067241551513,0.6925433806576872,0.5142951497087116,0.8202728713768115
exclude_core_treatment_all,random,train_youden,sensitivity,100,0.6540220196470196,0.16156367271021832,0.6794871794871795,0.3333333333333333,0.9166666666666666
exclude_core_treatment_all,random,train_youden,specificity,100,0.715492237742479,0.1862390193346845,0.7352941176470589,0.29015625,1.0
exclude_core_treatment_all,random,train_youden,precision,100,0.7134597020882357,0.14044562979702754,0.7142857142857143,0.4899038461538462,1.0
exclude_core_treatment_all,random,train_youden,f1,100,0.663725677289476,0.10506422489883496,0.6719553493039008,0.4301948051948052,0.817364905889496
exclude_core_treatment_all,random,train_youden,mcc,100,0.3852491960466453,0.1846392423027868,0.3972654077494369,0.05576193035034483,0.6535835667875965
exclude_core_treatment_all,random,train_youden,brier,100,0.21993160989875057,0.017366410271713616,0.22061521813170715,0.18689921125325876,0.25451857772744196
exclude_core_treatment_all,scaffold,fixed_0.5,roc_auc,99,0.6870424265449515,0.15700952336370064,0.6983471074380165,0.3717387451258419,0.9276039178213091
exclude_core_treatment_all,scaffold,fixed_0.5,pr_auc,99,0.7127800547612527,0.17882271910530056,0.7417593576387556,0.32026821862348176,0.941118929927664
exclude_core_treatment_all,scaffold,fixed_0.5,balanced_accuracy,99,0.6308250720150267,0.1246912625065077,0.6346153846153846,0.3461473429951691,0.8270624303232998
exclude_core_treatment_all,scaffold,fixed_0.5,accuracy,99,0.6166471054287438,0.13018590122866167,0.6097560975609756,0.36850393700787404,0.8573809523809522
exclude_core_treatment_all,scaffold,fixed_0.5,sensitivity,99,0.6308171177843428,0.23202004339327206,0.6666666666666666,0.0,1.0
exclude_core_treatment_all,scaffold,fixed_0.5,specificity,99,0.6308330262457108,0.23532415429480563,0.6363636363636365,0.1328571428571429,1.0
exclude_core_treatment_all,scaffold,fixed_0.5,precision,99,0.6142132940049189,0.23999219139099162,0.6250000000000001,0.0,1.0
exclude_core_treatment_all,scaffold,fixed_0.5,f1,99,0.5839987314900825,0.18089852148062416,0.6060606060606061,0.0,0.8302341597796142
exclude_core_treatment_all,scaffold,fixed_0.5,mcc,99,0.27603567709258564,0.2472738692185715,0.27442805243167256,-0.26603036132398605,0.6848269068022441
exclude_core_treatment_all,scaffold,fixed_0.5,brier,99,0.23413541873117313,0.027047716518351552,0.23267007442261767,0.1863739330768085,0.2932641734478749
exclude_core_treatment_all,scaffold,train_youden,roc_auc,99,0.6870424265449515,0.15700952336370064,0.6983471074380165,0.3717387451258419,0.9276039178213091
exclude_core_treatment_all,scaffold,train_youden,pr_auc,99,0.7127800547612527,0.17882271910530056,0.7417593576387556,0.32026821862348176,0.941118929927664
exclude_core_treatment_all,scaffold,train_youden,balanced_accuracy,99,0.6349777536666042,0.1213706884239354,0.6346153846153846,0.3637073996265173,0.8204565901934322
exclude_core_treatment_all,scaffold,train_youden,accuracy,99,0.646362320629783,0.11794348747296562,0.640625,0.3721182878455983,0.8506045519203413
exclude_core_treatment_all,scaffold,train_youden,sensitivity,99,0.5867795603280067,0.252929676670113,0.6153846153846154,0.0,1.0
exclude_core_treatment_all,scaffold,train_youden,specificity,99,0.6831759470052021,0.21694701185662385,0.7,0.2006129032258065,1.0
exclude_core_treatment_all,scaffold,train_youden,precision,99,0.6223156925933225,0.25127155665328715,0.6481481481481483,0.0,1.0
exclude_core_treatment_all,scaffold,train_youden,f1,99,0.5734494230727084,0.20721890658413603,0.6310679611650485,0.0,0.8557588320115357
exclude_core_treatment_all,scaffold,train_youden,mcc,99,0.28534130896784293,0.25134578276871367,0.32112723513101077,-0.2816873096991762,0.6513389472789298
exclude_core_treatment_all,scaffold,train_youden,brier,99,0.23413541873117313,0.027047716518351552,0.23267007442261767,0.1863739330768085,0.2932641734478749
exclude_core_treatment_positive_only,random,fixed_0.5,roc_auc,100,0.7376586007481627,0.09541083328910673,0.7431899641577061,0.56005355276907,0.8932291666666666
exclude_core_treatment_positive_only,random,fixed_0.5,pr_auc,100,0.7653919057805604,0.09174002900332386,0.7696951325747865,0.5968850108743534,0.9115626557754677
exclude_core_treatment_positive_only,random,fixed_0.5,balanced_accuracy,100,0.6727267507468649,0.09422644609706839,0.6797080607564479,0.49318181818181817,0.8565603514132925
exclude_core_treatment_positive_only,random,fixed_0.5,accuracy,100,0.6713996582083839,0.09332266080057189,0.6795384064885496,0.49395750988142295,0.8539570607258353
exclude_core_treatment_positive_only,random,fixed_0.5,sensitivity,100,0.7219477189477189,0.15011035714566714,0.75,0.4166666666666667,0.9634615384615378
exclude_core_treatment_positive_only,random,fixed_0.5,specificity,100,0.6235057825460113,0.16704799537681256,0.6216216216216217,0.31231671554252205,0.9580882352941169
exclude_core_treatment_positive_only,random,fixed_0.5,precision,100,0.6593590555138181,0.11643641607650942,0.6470588235294119,0.48687539531941815,0.9532786885245893
exclude_core_treatment_positive_only,random,fixed_0.5,f1,100,0.6787764739083234,0.09995963241333129,0.6976744186046513,0.4670161642638707,0.8475729105500097
exclude_core_treatment_positive_only,random,fixed_0.5,mcc,100,0.3565439829837186,0.1926700783407223,0.37626803048761387,-0.013730300661787622,0.7138710396898387
exclude_core_treatment_positive_only,random,fixed_0.5,brier,100,0.21993160989875057,0.017366410271713612,0.22061521813170715,0.18689921125325876,0.25451857772744196
exclude_core_treatment_positive_only,random,train_youden,roc_auc,100,0.7376586007481627,0.09541083328910673,0.7431899641577061,0.56005355276907,0.8932291666666666
exclude_core_treatment_positive_only,random,train_youden,pr_auc,100,0.7653919057805604,0.09174002900332386,0.7696951325747865,0.5968850108743534,0.9115626557754677
exclude_core_treatment_positive_only,random,train_youden,balanced_accuracy,100,0.6847571286947494,0.09016146507926057,0.6920424403183023,0.5213168551878229,0.8222776610644257
exclude_core_treatment_positive_only,random,train_youden,accuracy,100,0.6844377148447229,0.09050067241551513,0.6925433806576872,0.5142951497087116,0.8202728713768115
exclude_core_treatment_positive_only,random,train_youden,sensitivity,100,0.6540220196470196,0.16156367271021832,0.6794871794871795,0.3333333333333333,0.9166666666666666
exclude_core_treatment_positive_only,random,train_youden,specificity,100,0.715492237742479,0.1862390193346845,0.7352941176470589,0.29015625,1.0
exclude_core_treatment_positive_only,random,train_youden,precision,100,0.7134597020882357,0.14044562979702754,0.7142857142857143,0.4899038461538462,1.0
exclude_core_treatment_positive_only,random,train_youden,f1,100,0.663725677289476,0.10506422489883496,0.6719553493039008,0.4301948051948052,0.817364905889496
exclude_core_treatment_positive_only,random,train_youden,mcc,100,0.3852491960466453,0.1846392423027868,0.3972654077494369,0.05576193035034483,0.6535835667875965
exclude_core_treatment_positive_only,random,train_youden,brier,100,0.21993160989875057,0.017366410271713612,0.22061521813170715,0.18689921125325876,0.25451857772744196
exclude_core_treatment_positive_only,scaffold,fixed_0.5,roc_auc,99,0.6870424265449515,0.15700952336370064,0.6983471074380165,0.3717387451258419,0.9276039178213091
exclude_core_treatment_positive_only,scaffold,fixed_0.5,pr_auc,99,0.7127800547612527,0.17882271910530056,0.7417593576387556,0.32026821862348176,0.941118929927664
exclude_core_treatment_positive_only,scaffold,fixed_0.5,balanced_accuracy,99,0.6308250720150267,0.1246912625065077,0.6346153846153846,0.3461473429951691,0.8270624303232998
exclude_core_treatment_positive_only,scaffold,fixed_0.5,accuracy,99,0.6166471054287438,0.13018590122866167,0.6097560975609756,0.36850393700787404,0.8573809523809522
exclude_core_treatment_positive_only,scaffold,fixed_0.5,sensitivity,99,0.6308171177843428,0.23202004339327206,0.6666666666666666,0.0,1.0
exclude_core_treatment_positive_only,scaffold,fixed_0.5,specificity,99,0.6308330262457108,0.23532415429480563,0.6363636363636365,0.1328571428571429,1.0
exclude_core_treatment_positive_only,scaffold,fixed_0.5,precision,99,0.6142132940049189,0.23999219139099162,0.6250000000000001,0.0,1.0
exclude_core_treatment_positive_only,scaffold,fixed_0.5,f1,99,0.5839987314900825,0.18089852148062416,0.6060606060606061,0.0,0.8302341597796142
exclude_core_treatment_positive_only,scaffold,fixed_0.5,mcc,99,0.27603567709258564,0.2472738692185715,0.27442805243167256,-0.26603036132398605,0.6848269068022441
exclude_core_treatment_positive_only,scaffold,fixed_0.5,brier,99,0.23413541873117316,0.02704771651835156,0.23267007442261767,0.1863739330768085,0.2932641734478749
exclude_core_treatment_positive_only,scaffold,train_youden,roc_auc,99,0.6870424265449515,0.15700952336370064,0.6983471074380165,0.3717387451258419,0.9276039178213091
exclude_core_treatment_positive_only,scaffold,train_youden,pr_auc,99,0.7127800547612527,0.17882271910530056,0.7417593576387556,0.32026821862348176,0.941118929927664
exclude_core_treatment_positive_only,scaffold,train_youden,balanced_accuracy,99,0.6349777536666042,0.1213706884239354,0.6346153846153846,0.3637073996265173,0.8204565901934322
exclude_core_treatment_positive_only,scaffold,train_youden,accuracy,99,0.646362320629783,0.11794348747296562,0.640625,0.3721182878455983,0.8506045519203413
exclude_core_treatment_positive_only,scaffold,train_youden,sensitivity,99,0.5867795603280067,0.252929676670113,0.6153846153846154,0.0,1.0
exclude_core_treatment_positive_only,scaffold,train_youden,specificity,99,0.6831759470052021,0.21694701185662385,0.7,0.2006129032258065,1.0
exclude_core_treatment_positive_only,scaffold,train_youden,precision,99,0.6223156925933225,0.25127155665328715,0.6481481481481483,0.0,1.0
exclude_core_treatment_positive_only,scaffold,train_youden,f1,99,0.5734494230727084,0.20721890658413603,0.6310679611650485,0.0,0.8557588320115357
exclude_core_treatment_positive_only,scaffold,train_youden,mcc,99,0.28534130896784293,0.25134578276871367,0.32112723513101077,-0.2816873096991762,0.6513389472789298
exclude_core_treatment_positive_only,scaffold,train_youden,brier,99,0.23413541873117316,0.02704771651835156,0.23267007442261767,0.1863739330768085,0.2932641734478749
exclude_corticosteroids_all,random,fixed_0.5,roc_auc,100,0.7314027309556745,0.10037818024810709,0.7274531024531024,0.5337689187080668,0.9181775319275318
exclude_corticosteroids_all,random,fixed_0.5,pr_auc,100,0.7527227365679287,0.10642121928767717,0.757302349052081,0.554093747244931,0.9356074464324572
exclude_corticosteroids_all,random,fixed_0.5,balanced_accuracy,100,0.6561945858525821,0.08705421163209963,0.652691618417425,0.5138693967322999,0.8293137895960475
exclude_corticosteroids_all,random,fixed_0.5,accuracy,100,0.656277290491588,0.08731528420205167,0.6573932926829269,0.5086625086625087,0.8203144115488132
exclude_corticosteroids_all,random,fixed_0.5,sensitivity,100,0.7537908757908758,0.1429957793348028,0.7692307692307693,0.4211538461538462,1.0
exclude_corticosteroids_all,random,fixed_0.5,specificity,100,0.5585982959142884,0.1515311213097476,0.5555555555555557,0.2856060606060607,0.8261764705882353
exclude_corticosteroids_all,random,fixed_0.5,precision,100,0.6375110574457854,0.09132065041372957,0.6342737722048067,0.4892123287671234,0.8208955223880597
exclude_corticosteroids_all,random,fixed_0.5,f1,100,0.6832539667210621,0.09327963423068156,0.6913622396722432,0.44866071428571436,0.8386044176706826
exclude_corticosteroids_all,random,fixed_0.5,mcc,100,0.32713053151426325,0.178881924997138,0.32490817620506124,0.03203313253147221,0.6869052956432358
exclude_corticosteroids_all,random,fixed_0.5,brier,100,0.22249104276727227,0.017302536667340333,0.22331004572427635,0.1896381981793785,0.2573337469850994
exclude_corticosteroids_all,random,train_youden,roc_auc,100,0.7314027309556745,0.10037818024810709,0.7274531024531024,0.5337689187080668,0.9181775319275318
exclude_corticosteroids_all,random,train_youden,pr_auc,100,0.7527227365679287,0.10642121928767717,0.757302349052081,0.554093747244931,0.9356074464324572
exclude_corticosteroids_all,random,train_youden,balanced_accuracy,100,0.6686088620499322,0.08996340268586087,0.6571479885057472,0.5260795454545454,0.8710416666666666
exclude_corticosteroids_all,random,train_youden,accuracy,100,0.6694672734064864,0.08999512843388933,0.6576265016381507,0.5242504211117349,0.8640222482435594
exclude_corticosteroids_all,random,train_youden,sensitivity,100,0.6335623126873127,0.17297407639135834,0.6666666666666666,0.26079545454545455,0.9130681818181817
exclude_corticosteroids_all,random,train_youden,specificity,100,0.7036554114125518,0.1668006013802108,0.7187500000000001,0.4055882352941177,1.0
exclude_corticosteroids_all,random,train_youden,precision,100,0.6977083164483204,0.11998749593502059,0.7142857142857143,0.5135467980295567,1.0
exclude_corticosteroids_all,random,train_youden,f1,100,0.6480892369470841,0.12113117214823005,0.6557377049180328,0.3703703703703704,0.8519230769230768
exclude_corticosteroids_all,random,train_youden,mcc,100,0.35097480088639615,0.18294694764665695,0.3305327857293007,0.057367028881440185,0.7587422228031182
exclude_corticosteroids_all,random,train_youden,brier,100,0.22249104276727227,0.017302536667340333,0.22331004572427635,0.1896381981793785,0.2573337469850994
exclude_corticosteroids_all,scaffold,fixed_0.5,roc_auc,100,0.7006243420102714,0.113923962946601,0.7110323886639676,0.48523755656108597,0.8899494949494949
exclude_corticosteroids_all,scaffold,fixed_0.5,pr_auc,100,0.7229125226076302,0.1549959206363671,0.7477562290983193,0.3029851508257678,0.9395654942739975
exclude_corticosteroids_all,scaffold,fixed_0.5,balanced_accuracy,100,0.6474184675117612,0.10041043545602372,0.6452729944050617,0.43119949903038135,0.8373106060606059
exclude_corticosteroids_all,scaffold,fixed_0.5,accuracy,100,0.6227913804272517,0.11061742644991197,0.6346244965647951,0.38756843065693436,0.8444607214795823
exclude_corticosteroids_all,scaffold,fixed_0.5,sensitivity,100,0.7372762312424715,0.1889367892062213,0.75,0.3127450980392157,1.0
exclude_corticosteroids_all,scaffold,fixed_0.5,specificity,100,0.5575607037810512,0.20982915296717441,0.5634920634920636,0.19794117647058826,1.0
exclude_corticosteroids_all,scaffold,fixed_0.5,precision,100,0.609886114787849,0.1850008210072072,0.6049431370341178,0.23288043478260867,1.0
exclude_corticosteroids_all,scaffold,fixed_0.5,f1,100,0.6320503297269952,0.13175520814534736,0.6581374829550013,0.31730187537810045,0.8236788617886177
exclude_corticosteroids_all,scaffold,fixed_0.5,mcc,100,0.29812308262758763,0.1938586877802433,0.30572679468324865,-0.1350738479933951,0.7052554426677135
exclude_corticosteroids_all,scaffold,fixed_0.5,brier,100,0.23120230652385085,0.02342804329124299,0.23066691423828628,0.19339378710652272,0.27477572719586796
exclude_corticosteroids_all,scaffold,train_youden,roc_auc,100,0.7006243420102714,0.113923962946601,0.7110323886639676,0.48523755656108597,0.8899494949494949
exclude_corticosteroids_all,scaffold,train_youden,pr_auc,100,0.7229125226076302,0.1549959206363671,0.7477562290983193,0.3029851508257678,0.9395654942739975
exclude_corticosteroids_all,scaffold,train_youden,balanced_accuracy,100,0.6535323320592222,0.10279588447815015,0.6522200226244343,0.48602253401360546,0.834484649122807
exclude_corticosteroids_all,scaffold,train_youden,accuracy,100,0.6542290710407077,0.1035400911526906,0.6479568926807363,0.4506528030150077,0.8561320237050042
exclude_corticosteroids_all,scaffold,train_youden,sensitivity,100,0.6154530171235415,0.19906626384336784,0.6201923076923077,0.20133928571428572,1.0
exclude_corticosteroids_all,scaffold,train_youden,specificity,100,0.6916116469949032,0.2102730260515657,0.7071428571428573,0.28943798449612407,1.0
exclude_corticosteroids_all,scaffold,train_youden,precision,100,0.6647661382945234,0.2092433323888779,0.6635220125786163,0.20967741935483872,1.0
exclude_corticosteroids_all,scaffold,train_youden,f1,100,0.60881861987064,0.15403731381436037,0.6315208489121533,0.2240497076023392,0.8
exclude_corticosteroids_all,scaffold,train_youden,mcc,100,0.3151358425945748,0.20399876066945502,0.32183326604259166,-0.027493907454591036,0.696268817873311
exclude_corticosteroids_all,scaffold,train_youden,brier,100,0.23120230652385085,0.02342804329124299,0.23066691423828628,0.19339378710652272,0.27477572719586796
original_all,random,fixed_0.5,roc_auc,100,0.7385640105051526,0.09858056885720416,0.7402871621621622,0.5305490247300592,0.8913009781167108
original_all,random,fixed_0.5,pr_auc,100,0.7746038673777798,0.09291767256378096,0.7802691384039147,0.6083541303861497,0.9174381287111669
original_all,random,fixed_0.5,balanced_accuracy,100,0.6493241483061144,0.09073941477254188,0.6405844155844156,0.4498809523809524,0.8103794642857143
original_all,random,fixed_0.5,accuracy,100,0.6567578225086858,0.09380425713862603,0.6568921232876712,0.45168475667938923,0.8208633556356149
original_all,random,fixed_0.5,sensitivity,100,0.815561030945319,0.12760165123458983,0.8421052631578947,0.5514285714285714,1.0
original_all,random,fixed_0.5,specificity,100,0.4830872656669099,0.1772845319829479,0.47667342799188656,0.15151515151515155,0.809242424242424
original_all,random,fixed_0.5,precision,100,0.641075182439657,0.09581259835818895,0.6382978723404257,0.4555775577557757,0.8071946169772256
original_all,random,fixed_0.5,f1,100,0.7111063155158288,0.08429087032306856,0.7217959647627168,0.51114173596188,0.8438416422287389
original_all,random,fixed_0.5,mcc,100,0.3292657879468305,0.18804836017102794,0.32340504392732455,-0.1009574517714778,0.653649725790534
original_all,random,fixed_0.5,brier,100,0.21863586104197266,0.01782525609250917,0.21682455207797302,0.19049821685910343,0.2538751291235096
original_all,random,train_youden,roc_auc,100,0.7385640105051526,0.09858056885720416,0.7402871621621622,0.5305490247300592,0.8913009781167108
original_all,random,train_youden,pr_auc,100,0.7746038673777798,0.09291767256378096,0.7802691384039147,0.6083541303861497,0.9174381287111669
original_all,random,train_youden,balanced_accuracy,100,0.6789763913065605,0.09243577534855019,0.6913674560733385,0.48698788998357967,0.815185009487666
original_all,random,train_youden,accuracy,100,0.680918283421644,0.09229561776928277,0.693979933110368,0.4858823354007633,0.8116282081469272
original_all,random,train_youden,sensitivity,100,0.6938391478662375,0.1769763119700156,0.7142857142857143,0.3333333333333333,0.9703124999999995
original_all,random,train_youden,specificity,100,0.6641136347468829,0.16915795634470518,0.686607142857143,0.3594607843137255,0.9568181818181811
original_all,random,train_youden,precision,100,0.7055287015332045,0.12056335299365245,0.7142857142857144,0.4845554660220253,0.9532786885245893
original_all,random,train_youden,f1,100,0.6851479800316586,0.11715213689926975,0.7103825136612023,0.42757437070938215,0.8357774674115457
original_all,random,train_youden,mcc,100,0.3741432057739734,0.18898991874843657,0.4030976301531156,-0.025943682026739776,0.6415694895233216
original_all,random,train_youden,brier,100,0.21863586104197266,0.01782525609250917,0.21682455207797302,0.19049821685910343,0.2538751291235096
original_all,scaffold,fixed_0.5,roc_auc,100,0.7153174614886056,0.13691686324590777,0.7266339869281044,0.42462406015037596,0.9391666666666666
original_all,scaffold,fixed_0.5,pr_auc,100,0.7461932132691375,0.16643318083254396,0.7956675524343114,0.2817530372582637,0.9559283059092856
original_all,scaffold,fixed_0.5,balanced_accuracy,100,0.6466612613071113,0.1050233825649585,0.6521581196581197,0.46085227272727275,0.866517857142857
original_all,scaffold,fixed_0.5,accuracy,100,0.6367278152561184,0.11953337853940722,0.6457971014492754,0.3903958944281525,0.8561594202898551
original_all,scaffold,fixed_0.5,sensitivity,100,0.7962666427437322,0.15881553623904257,0.8255578093306288,0.4475,1.0
original_all,scaffold,fixed_0.5,specificity,100,0.49705587987049116,0.20066410061868561,0.4694444444444446,0.20327586206896558,1.0
original_all,scaffold,fixed_0.5,precision,100,0.6188934224475928,0.17315914558852888,0.635861376192868,0.2777777777777778,1.0
original_all,scaffold,fixed_0.5,f1,100,0.6763338954125027,0.13239226866989237,0.7118725868725868,0.38071895424836605,0.8670520231213873
original_all,scaffold,fixed_0.5,mcc,100,0.31436468772133497,0.20984141473004575,0.33001631168494816,-0.08005867138706355,0.735199407742744
original_all,scaffold,fixed_0.5,brier,100,0.22617800261875565,0.027514890800532595,0.2204562542993948,0.18455958416873952,0.2905248079392802
original_all,scaffold,train_youden,roc_auc,100,0.7153174614886056,0.13691686324590777,0.7266339869281044,0.42462406015037596,0.9391666666666666
original_all,scaffold,train_youden,pr_auc,100,0.7461932132691375,0.16643318083254396,0.7956675524343114,0.2817530372582637,0.9559283059092856
original_all,scaffold,train_youden,balanced_accuracy,100,0.6609684438071995,0.1200883397377268,0.6770171657592257,0.41666666666666663,0.8947222222222221
original_all,scaffold,train_youden,accuracy,100,0.6610057230548871,0.10780737372858247,0.6770370370370371,0.42539682539682544,0.8561594202898551
original_all,scaffold,train_youden,sensitivity,100,0.6588121336873679,0.22984546486976706,0.6666666666666666,0.0,1.0
original_all,scaffold,train_youden,specificity,100,0.6631247539270311,0.19227761406126712,0.6470588235294119,0.31467225609756105,1.0
original_all,scaffold,train_youden,precision,100,0.6563655822645369,0.22180879515889404,0.6787469287469288,0.0,1.0
original_all,scaffold,train_youden,f1,100,0.6352592658661738,0.19080233393577076,0.6926884996191927,0.0,0.8458333333333332
original_all,scaffold,train_youden,mcc,100,0.33037436045174956,0.23984022415390188,0.36932760756609717,-0.20034818474372462,0.735199407742744
original_all,scaffold,train_youden,brier,100,0.22617800261875565,0.027514890800532595,0.2204562542993948,0.18455958416873952,0.2905248079392802
