analysis_drug_name,model_label,label_weight,faers_signal_class,canonical_smiles,MolWt,HeavyAtomMolWt,ExactMolWt,BalabanJ,BertzCT,TPSA,FractionCSP3,HeavyAtomCount,NHOHCount,NOCount,NumAliphaticRings,NumAromaticRings,NumHAcceptors,NumHDonors,NumHeteroatoms,NumRotatableBonds,NumSaturatedRings,RingCount,MolLogP,MolMR,fr_Al_COO,fr_Al_OH,fr_Al_OH_noTert,fr_ArN,fr_Ar_COO,fr_Ar_N,fr_Ar_NH,fr_Ar_OH,fr_COO,fr_COO2,fr_C_O,fr_C_O_noCOO,fr_Imine,fr_NH0,fr_NH1,fr_NH2,fr_Ndealkylation1,fr_Ndealkylation2,fr_Nhpyrrole,fr_alkyl_halide,fr_allylic_oxid,fr_amide,fr_amidine,fr_aniline,fr_aryl_methyl,fr_benzene,fr_bicyclic,fr_ester,fr_ether,fr_guanido,fr_halogen,fr_imidazole,fr_imide,fr_ketone,fr_ketone_Topliss,fr_lactam,fr_lactone,fr_methoxy,fr_morpholine,fr_nitro,fr_oxime,fr_para_hydroxylation,fr_phenol,fr_phenol_noOrthoHbond,fr_piperdine,fr_piperzine,fr_priamide,fr_pyridine,fr_quatN,fr_sulfide,fr_sulfonamd,fr_tetrazole,fr_thiazole,fr_thiophene,fr_unbrch_alkane,fr_urea
ACETAMINOPHEN,1,1.0,positive_high,CC(=O)NC1=CC=C(C=C1)O,151.165,142.093,151.063328528,2.7362980721056545,253.29949758389105,49.33,0.125,11.0,2.0,3.0,0.0,1.0,2.0,2.0,3.0,1.0,0.0,1.0,1.3505999999999998,42.41050000000002,0.0,0.0,0.0,0.0,0.0,0.0,0.0,1.0,0.0,0.0,1.0,1.0,0.0,0.0,1.0,0.0,0.0,0.0,0.0,0.0,0.0,1.0,0.0,1.0,0.0,1.0,0.0,0.0,0.0,0.0,0.0,0.0,0.0,0.0,0.0,0.0,0.0,0.0,0.0,0.0,0.0,0.0,1.0,1.0,0.0,0.0,0.0,0.0,0.0,0.0,0.0,0.0,0.0,0.0,0.0,0.0
AMOXICILLIN,1,1.0,positive_high,CC1(C(N2C(S1)C(C2=O)NC(=O)C(C3=CC=C(C=C3)O)N)C(=O)O)C,365.4110000000001,346.25900000000007,365.104541708,1.704346483706485,735.790664638169,132.95999999999998,0.4375,25.0,5.0,8.0,2.0,1.0,6.0,4.0,9.0,4.0,2.0,3.0,0.023699999999999555,90.69370000000004,1.0,0.0,0.0,0.0,0.0,0.0,0.0,1.0,1.0,1.0,3.0,2.0,0.0,1.0,1.0,1.0,0.0,0.0,0.0,0.0,0.0,2.0,0.0,0.0,0.0,1.0,1.0,0.0,0.0,0.0,0.0,0.0,0.0,0.0,0.0,1.0,0.0,0.0,0.0,0.0,0.0,0.0,1.0,1.0,0.0,0.0,0.0,0.0,0.0,1.0,0.0,0.0,0.0,0.0,0.0,0.0
CEFTRIAXONE,1,1.0,positive_high,CN1C(=NC(=O)C(=O)N1)SCC2=C(N3C(C(C3=O)NC(=O)C(=NOC)C4=CSC(=N4)N)SC2)C(=O)O,554.5920000000003,536.4480000000003,554.0460579160002,1.5118461639349998,1428.1226692899497,214.95999999999998,0.3333333333333333,36.0,5.0,15.0,2.0,2.0,13.0,4.0,18.0,8.0,1.0,4.0,-1.6112999999999957,130.5796,1.0,0.0,0.0,1.0,0.0,4.0,1.0,0.0,1.0,1.0,3.0,2.0,0.0,5.0,2.0,1.0,0.0,0.0,1.0,0.0,0.0,2.0,0.0,1.0,1.0,0.0,1.0,0.0,0.0,0.0,0.0,0.0,0.0,0.0,0.0,1.0,0.0,0.0,0.0,0.0,1.0,0.0,0.0,0.0,0.0,0.0,0.0,0.0,0.0,2.0,0.0,0.0,1.0,0.0,0.0,0.0
CEFUROXIME,1,1.0,positive_high,CON=C(C1=CC=CO1)C(=O)NC2C3N(C2=O)C(=C(CS3)COC(=O)N)C(=O)[O-].[Na+],446.3730000000003,431.25300000000016,446.05082872,3.2033288130232935e-06,916.3558090774585,176.59000000000003,0.3125,30.0,3.0,12.0,2.0,1.0,10.0,2.0,14.0,7.0,1.0,3.0,-4.866699999999998,94.84510000000002,1.0,0.0,0.0,0.0,0.0,0.0,0.0,0.0,1.0,1.0,4.0,4.0,0.0,2.0,1.0,1.0,0.0,0.0,0.0,0.0,0.0,3.0,0.0,0.0,0.0,0.0,1.0,0.0,1.0,0.0,0.0,0.0,0.0,0.0,0.0,1.0,0.0,0.0,0.0,0.0,1.0,0.0,0.0,0.0,0.0,0.0,1.0,0.0,0.0,1.0,0.0,0.0,0.0,0.0,0.0,0.0
DEXAMETHASONE,1,1.0,positive_high,CC1CC2C3CCC4=CC(=O)C=CC4(C3(C(CC2(C1(C(=O)CO)O)C)O)F)C,392.4670000000001,363.23500000000007,392.19990224799994,1.83769187946728,804.7488254884713,94.83000000000001,0.7272727272727273,28.0,3.0,5.0,4.0,0.0,5.0,3.0,6.0,2.0,3.0,4.0,1.8957,99.94440000000004,0.0,3.0,2.0,0.0,0.0,0.0,0.0,0.0,0.0,0.0,2.0,2.0,0.0,0.0,0.0,0.0,0.0,0.0,0.0,1.0,4.0,0.0,0.0,0.0,0.0,0.0,5.0,0.0,0.0,0.0,1.0,0.0,0.0,2.0,1.0,0.0,0.0,0.0,0.0,0.0,0.0,0.0,0.0,0.0,0.0,0.0,0.0,0.0,0.0,0.0,0.0,0.0,0.0,0.0,0.0,0.0
DICLOFENAC,1,1.0,positive_high,C1=CC=C(C(=C1)CC(=O)O)NC2=C(C=CC=C2Cl)Cl,296.153,285.06499999999994,295.01668395200005,2.3558879442321032,593.8950014443016,49.33,0.07142857142857142,19.0,2.0,3.0,0.0,2.0,2.0,2.0,5.0,4.0,0.0,2.0,4.364100000000001,77.52650000000003,1.0,0.0,0.0,0.0,0.0,0.0,0.0,0.0,1.0,1.0,1.0,0.0,0.0,0.0,1.0,0.0,0.0,0.0,0.0,0.0,0.0,0.0,0.0,2.0,0.0,2.0,0.0,0.0,0.0,0.0,2.0,0.0,0.0,0.0,0.0,0.0,0.0,0.0,0.0,0.0,0.0,2.0,0.0,0.0,0.0,0.0,0.0,0.0,0.0,0.0,0.0,0.0,0.0,0.0,0.0,0.0
IOPROMIDE,1,1.0,positive_high,CN(CC(CO)O)C(=O)C1=C(C(=C(C(=C1I)C(=O)NCC(CO)O)I)NC(=O)COC)I,791.1149999999999,766.923,790.8697587280001,3.574175619008149,855.4941704672899,168.66,0.5,32.0,6.0,11.0,0.0,1.0,8.0,6.0,14.0,11.0,0.0,1.0,-0.40650000000000075,140.57759999999993,0.0,4.0,4.0,0.0,0.0,0.0,0.0,0.0,0.0,0.0,3.0,3.0,0.0,1.0,2.0,0.0,1.0,0.0,0.0,0.0,0.0,3.0,0.0,1.0,0.0,1.0,0.0,0.0,1.0,0.0,3.0,0.0,0.0,0.0,0.0,0.0,0.0,1.0,0.0,0.0,0.0,0.0,0.0,0.0,0.0,0.0,0.0,0.0,0.0,0.0,0.0,0.0,0.0,0.0,0.0,0.0
LIDOCAINE,1,1.0,positive_high,CCN(CC)CC(=O)NC1=C(C=CC=C1C)C,234.343,212.16699999999994,234.173213324,2.6802676560474934,363.55864155890856,32.34,0.5,17.0,1.0,3.0,0.0,1.0,2.0,1.0,3.0,5.0,0.0,1.0,2.5837400000000006,72.33370000000004,0.0,0.0,0.0,0.0,0.0,0.0,0.0,0.0,0.0,0.0,1.0,1.0,0.0,1.0,1.0,0.0,1.0,0.0,0.0,0.0,0.0,1.0,0.0,1.0,2.0,1.0,0.0,0.0,0.0,0.0,0.0,0.0,0.0,0.0,0.0,0.0,0.0,0.0,0.0,0.0,0.0,1.0,0.0,0.0,0.0,0.0,0.0,0.0,0.0,0.0,0.0,0.0,0.0,0.0,0.0,0.0
ONDANSETRON,1,1.0,positive_high,CC1=NC=CN1CC2CCC3=C(C2=O)C4=CC=CC=C4N3C,293.37,274.21799999999996,293.152812228,1.767961252709778,871.7199680624578,39.82,0.3333333333333333,22.0,0.0,4.0,1.0,3.0,2.0,0.0,4.0,2.0,0.0,4.0,3.1285200000000017,86.02450000000005,0.0,0.0,0.0,0.0,0.0,3.0,0.0,0.0,0.0,0.0,1.0,1.0,0.0,3.0,0.0,0.0,0.0,0.0,0.0,0.0,0.0,0.0,0.0,0.0,2.0,1.0,3.0,0.0,0.0,0.0,0.0,1.0,0.0,1.0,1.0,0.0,0.0,0.0,0.0,0.0,0.0,1.0,0.0,0.0,0.0,0.0,0.0,0.0,0.0,0.0,0.0,0.0,0.0,0.0,0.0,0.0
PACLITAXEL,1,1.0,positive_high,CC1=C2C(C(=O)C3(C(CC4C(C3C(C(C2(C)C)(CC1OC(=O)C(C(C5=CC=CC=C5)NC(=O)C6=CC=CC=C6)O)O)OC(=O)C7=CC=CC=C7)(CO4)OC(=O)C)O)C)OC(=O)C,853.9180000000003,802.5100000000001,853.3309553120001,1.3874476640402011,2280.346269552866,221.28999999999996,0.44680851063829785,62.0,4.0,15.0,4.0,3.0,14.0,4.0,15.0,10.0,3.0,7.0,3.735700000000004,217.69009999999943,0.0,3.0,2.0,0.0,0.0,0.0,0.0,0.0,0.0,0.0,6.0,6.0,0.0,0.0,1.0,0.0,0.0,0.0,0.0,0.0,0.0,1.0,0.0,0.0,0.0,3.0,5.0,4.0,5.0,0.0,0.0,0.0,0.0,1.0,1.0,0.0,0.0,0.0,0.0,0.0,0.0,0.0,0.0,0.0,0.0,0.0,0.0,0.0,0.0,0.0,0.0,0.0,0.0,0.0,0.0,0.0
PROPOFOL,1,1.0,positive_high,CC(C)C1=C(C(=CC=C1)C(C)C)O,178.27499999999998,160.13099999999997,178.135765196,3.184631820665765,260.92599275295936,20.23,0.5,13.0,1.0,1.0,0.0,1.0,1.0,1.0,1.0,2.0,0.0,1.0,3.6390000000000033,56.28480000000005,0.0,0.0,0.0,0.0,0.0,0.0,0.0,1.0,0.0,0.0,0.0,0.0,0.0,0.0,0.0,0.0,0.0,0.0,0.0,0.0,0.0,0.0,0.0,0.0,0.0,1.0,0.0,0.0,0.0,0.0,0.0,0.0,0.0,0.0,0.0,0.0,0.0,0.0,0.0,0.0,0.0,1.0,1.0,1.0,0.0,0.0,0.0,0.0,0.0,0.0,0.0,0.0,0.0,0.0,0.0,0.0
ROCURONIUM,1,1.0,positive_high,CC(=O)OC1C(CC2C1(CCC3C2CCC4C3(CC(C(C4)O)N5CCOCC5)C)C)[N+]6(CCCC6)CC=C.[Br-],609.6900000000004,556.2660000000003,608.318870276,3.0816601539726664e-06,904.5998867433206,59.0,0.90625,39.0,1.0,6.0,6.0,0.0,5.0,1.0,7.0,5.0,6.0,6.0,1.4115000000000046,148.31419999999986,0.0,1.0,1.0,0.0,0.0,0.0,0.0,0.0,0.0,0.0,1.0,1.0,0.0,2.0,0.0,0.0,0.0,1.0,0.0,0.0,0.0,0.0,0.0,0.0,0.0,0.0,5.0,1.0,2.0,0.0,1.0,0.0,0.0,0.0,0.0,0.0,0.0,0.0,1.0,0.0,0.0,0.0,0.0,0.0,0.0,0.0,0.0,0.0,1.0,0.0,0.0,0.0,0.0,0.0,0.0,0.0
ALBUTEROL,1,0.5,positive_moderate,CC(C)(C)NCC(C1=CC(=C(C=C1)O)CO)O,239.315,218.14699999999996,239.152143532,2.720205866139174,371.41759115181975,72.72,0.5384615384615384,17.0,4.0,4.0,0.0,1.0,4.0,4.0,4.0,4.0,0.0,1.0,1.3059999999999998,66.74510000000004,0.0,2.0,2.0,0.0,0.0,0.0,0.0,1.0,0.0,0.0,0.0,0.0,0.0,0.0,1.0,0.0,0.0,0.0,0.0,0.0,0.0,0.0,0.0,0.0,0.0,1.0,0.0,0.0,0.0,0.0,0.0,0.0,0.0,0.0,0.0,0.0,0.0,0.0,0.0,0.0,0.0,0.0,1.0,0.0,0.0,0.0,0.0,0.0,0.0,0.0,0.0,0.0,0.0,0.0,0.0,0.0
APREPITANT,1,0.5,positive_moderate,CC(C1=CC(=CC(=C1)C(F)(F)F)C(F)(F)F)OC2C(N(CCO2)CC3=NNC(=O)N3)C4=CC=C(C=C4)F,534.4320000000002,513.2640000000004,534.1501880720001,1.6632945216777593,1238.5746842143205,83.24000000000001,0.391304347826087,37.0,2.0,7.0,1.0,3.0,5.0,2.0,14.0,6.0,1.0,4.0,4.952100000000002,114.44540000000002,0.0,0.0,0.0,0.0,0.0,3.0,2.0,0.0,0.0,0.0,0.0,0.0,0.0,2.0,2.0,0.0,0.0,0.0,2.0,6.0,0.0,0.0,0.0,0.0,0.0,2.0,0.0,0.0,2.0,0.0,7.0,0.0,0.0,0.0,0.0,0.0,0.0,0.0,1.0,0.0,0.0,0.0,0.0,0.0,0.0,0.0,0.0,0.0,0.0,0.0,0.0,0.0,0.0,0.0,0.0,0.0
AZITHROMYCIN,1,0.5,positive_moderate,CCC1C(C(C(N(CC(CC(C(C(C(C(C(=O)O1)C)OC2CC(C(C(O2)C)O)(C)OC)C)OC3C(C(CC(O3)C)N(C)C)O)(C)O)C)C)C)O)(C)O,748.9960000000002,676.4200000000002,748.5085257439999,2.174897674367485,1143.2996076325867,180.07999999999998,0.9736842105263158,52.0,5.0,14.0,3.0,0.0,14.0,5.0,14.0,7.0,3.0,3.0,1.9007000000000054,194.1789999999994,0.0,5.0,3.0,0.0,0.0,0.0,0.0,0.0,0.0,0.0,1.0,1.0,0.0,2.0,0.0,0.0,2.0,0.0,0.0,0.0,0.0,0.0,0.0,0.0,0.0,0.0,0.0,1.0,6.0,0.0,0.0,0.0,0.0,0.0,0.0,0.0,1.0,1.0,0.0,0.0,0.0,0.0,0.0,0.0,0.0,0.0,0.0,0.0,0.0,0.0,0.0,0.0,0.0,0.0,0.0,0.0
BENDAMUSTINE,1,0.5,positive_moderate,CN1C2=C(C=C(C=C2)N(CCCl)CCCl)N=C1CCCC(=O)O,358.2690000000001,337.1010000000001,357.101082272,2.2316668318861175,666.6342547455638,58.36,0.5,23.0,1.0,5.0,0.0,2.0,3.0,1.0,7.0,9.0,0.0,2.0,3.2646000000000015,94.94080000000007,1.0,0.0,0.0,0.0,0.0,2.0,0.0,0.0,1.0,1.0,1.0,0.0,0.0,3.0,0.0,0.0,0.0,0.0,0.0,2.0,0.0,0.0,0.0,1.0,2.0,1.0,1.0,0.0,0.0,0.0,2.0,1.0,0.0,0.0,0.0,0.0,0.0,0.0,0.0,0.0,0.0,0.0,0.0,0.0,0.0,0.0,0.0,0.0,0.0,0.0,0.0,0.0,0.0,0.0,0.0,0.0
BORTEZOMIB,1,0.5,positive_moderate,B(C(CC(C)C)NC(=O)C(CC1=CC=CC=C1)NC(=O)C2=NC=CN=C2)(O)O,384.2450000000001,359.0450000000001,384.19688568000004,2.161933230544059,759.0436469670761,124.44000000000001,0.3684210526315789,28.0,4.0,8.0,0.0,2.0,6.0,4.0,9.0,9.0,0.0,2.0,0.36059999999999875,105.00950000000003,0.0,0.0,0.0,0.0,0.0,2.0,0.0,0.0,0.0,0.0,2.0,2.0,0.0,2.0,2.0,0.0,0.0,0.0,0.0,0.0,0.0,2.0,0.0,0.0,0.0,1.0,0.0,0.0,0.0,0.0,0.0,0.0,0.0,0.0,0.0,0.0,0.0,0.0,0.0,0.0,0.0,0.0,0.0,0.0,0.0,0.0,0.0,0.0,0.0,0.0,0.0,0.0,0.0,0.0,0.0,0.0
BUDESONIDE,1,0.5,positive_moderate,CCCC1OC2CC3C4CCC5=CC(=O)C=CC5(C4C(CC3(C2(O1)C(=O)CO)C)O)C,430.5410000000002,396.2690000000002,430.2355388079999,1.5536140768455642,862.0735282455938,93.06,0.76,31.0,2.0,6.0,5.0,0.0,6.0,2.0,6.0,4.0,4.0,5.0,2.716800000000001,112.86660000000006,0.0,2.0,2.0,0.0,0.0,0.0,0.0,0.0,0.0,0.0,2.0,2.0,0.0,0.0,0.0,0.0,0.0,0.0,0.0,0.0,4.0,0.0,0.0,0.0,0.0,0.0,7.0,0.0,2.0,0.0,0.0,0.0,0.0,2.0,1.0,0.0,0.0,0.0,0.0,0.0,0.0,0.0,0.0,0.0,0.0,0.0,0.0,0.0,0.0,0.0,0.0,0.0,0.0,0.0,0.0,0.0
CEFAZOLIN,1,0.5,positive_moderate,CC1=NN=C(S1)SCC2=C(N3C(C(C3=O)NC(=O)CN4C=NN=N4)SC2)C(=O)O,454.51900000000023,440.4070000000002,454.0300139280001,1.4374120949777265,990.9137443081793,156.09,0.42857142857142855,29.0,2.0,12.0,2.0,2.0,11.0,2.0,15.0,7.0,1.0,4.0,-0.6360799999999995,102.87150000000003,1.0,0.0,0.0,0.0,0.0,6.0,0.0,0.0,1.0,1.0,3.0,2.0,0.0,7.0,1.0,0.0,0.0,0.0,0.0,0.0,0.0,2.0,0.0,0.0,1.0,0.0,1.0,0.0,0.0,0.0,0.0,0.0,0.0,0.0,0.0,1.0,0.0,0.0,0.0,0.0,0.0,0.0,0.0,0.0,0.0,0.0,0.0,0.0,0.0,2.0,0.0,1.0,0.0,0.0,0.0,0.0
CHLORHEXIDINE GLUCONATE,1,0.5,positive_moderate,C1=CC(=CC=C1NC(=NC(=NCCCCCCN=C(N)N=C(N)NC2=CC=C(C=C2)Cl)N)N)Cl.C(C(C(C(C(C(=O)O)O)O)O)O)O.C(C(C(C(C(C(=O)O)O)O)O)O)O,897.7680000000007,843.3360000000002,896.3198017680005,1.095507282839581e-06,1555.4070313516825,454.48000000000013,0.47058823529411764,60.0,22.0,24.0,0.0,2.0,14.0,18.0,26.0,19.0,0.0,2.0,-3.649599999999992,222.33859999999981,2.0,10.0,10.0,0.0,0.0,0.0,0.0,0.0,2.0,2.0,2.0,0.0,4.0,4.0,2.0,4.0,0.0,0.0,0.0,0.0,0.0,0.0,0.0,2.0,0.0,2.0,0.0,0.0,0.0,4.0,2.0,0.0,0.0,0.0,0.0,0.0,0.0,0.0,0.0,0.0,0.0,0.0,0.0,0.0,0.0,0.0,0.0,0.0,0.0,0.0,0.0,0.0,0.0,0.0,3.0,0.0
CYCLOPHOSPHAMIDE,1,0.5,positive_moderate,C1CNP(=O)(OC1)N(CCCl)CCCl,261.08899999999994,245.969,260.02481971000003,2.5822640284816725,201.8664756744443,41.57,1.0,14.0,1.0,4.0,1.0,0.0,2.0,1.0,7.0,5.0,1.0,1.0,1.884,59.19120000000003,0.0,0.0,0.0,0.0,0.0,0.0,0.0,0.0,0.0,0.0,0.0,0.0,0.0,1.0,1.0,0.0,0.0,0.0,0.0,2.0,0.0,0.0,0.0,0.0,0.0,0.0,0.0,0.0,0.0,0.0,2.0,0.0,0.0,0.0,0.0,0.0,0.0,0.0,0.0,0.0,0.0,0.0,0.0,0.0,0.0,0.0,0.0,0.0,0.0,0.0,0.0,0.0,0.0,0.0,0.0,0.0
CYTARABINE,1,0.5,positive_moderate,C1=CN(C(=O)N=C1N)C2C(C(C(O2)CO)O)O,243.21900000000002,230.11499999999995,243.085520516,2.319695265821785,462.1897021796713,130.83,0.5555555555555556,17.0,5.0,8.0,1.0,1.0,7.0,4.0,8.0,2.0,1.0,2.0,-2.562999999999999,55.918800000000026,0.0,3.0,3.0,1.0,0.0,2.0,0.0,0.0,0.0,0.0,0.0,0.0,0.0,2.0,0.0,1.0,0.0,0.0,0.0,0.0,0.0,0.0,0.0,1.0,0.0,0.0,0.0,0.0,1.0,0.0,0.0,0.0,0.0,0.0,0.0,0.0,0.0,0.0,0.0,0.0,0.0,0.0,0.0,0.0,0.0,0.0,0.0,0.0,0.0,0.0,0.0,0.0,0.0,0.0,0.0,0.0
DEXAMETHASONE ACETATE,1,0.5,positive_moderate,CC1CC2C3CCC4=CC(=O)C=CC4(C3(C(CC2(C1(C(=O)COC(=O)C)O)C)O)F)C,434.5040000000002,403.25600000000014,434.2104669319999,1.757846453544653,909.7455961968411,100.9,0.7083333333333334,31.0,2.0,6.0,4.0,0.0,6.0,2.0,7.0,3.0,3.0,4.0,2.466500000000001,109.49160000000006,0.0,2.0,1.0,0.0,0.0,0.0,0.0,0.0,0.0,0.0,3.0,3.0,0.0,0.0,0.0,0.0,0.0,0.0,0.0,1.0,4.0,0.0,0.0,0.0,0.0,0.0,5.0,1.0,1.0,0.0,1.0,0.0,0.0,2.0,1.0,0.0,0.0,0.0,0.0,0.0,0.0,0.0,0.0,0.0,0.0,0.0,0.0,0.0,0.0,0.0,0.0,0.0,0.0,0.0,0.0,0.0
DEXCHLORPHENIRAMINE,1,0.5,positive_moderate,CN(C)CCC(C1=CC=C(C=C1)Cl)C2=CC=CC=N2.C(=CC(=O)O)C(=O)O,390.86700000000013,367.6830000000001,390.1346348959999,3.8723681588532514e-07,730.3368450633944,90.73,0.25,27.0,2.0,6.0,0.0,2.0,4.0,2.0,7.0,7.0,0.0,2.0,3.5304,105.1146000000001,2.0,0.0,0.0,0.0,0.0,1.0,0.0,0.0,2.0,2.0,2.0,0.0,0.0,2.0,0.0,0.0,0.0,0.0,0.0,0.0,0.0,0.0,0.0,0.0,0.0,1.0,0.0,0.0,0.0,0.0,1.0,0.0,0.0,0.0,0.0,0.0,0.0,0.0,0.0,0.0,0.0,0.0,0.0,0.0,0.0,0.0,0.0,1.0,0.0,0.0,0.0,0.0,0.0,0.0,0.0,0.0
DIPHENHYDRAMINE,1,0.5,positive_moderate,CN(C)CCOC(C1=CC=CC=C1)C2=CC=CC=C2,255.36100000000002,234.19299999999993,255.162314292,2.1446055624492186,427.63544259070466,12.47,0.29411764705882354,19.0,0.0,2.0,0.0,2.0,2.0,0.0,2.0,6.0,0.0,2.0,3.3542000000000023,79.23300000000006,0.0,0.0,0.0,0.0,0.0,0.0,0.0,0.0,0.0,0.0,0.0,0.0,0.0,1.0,0.0,0.0,1.0,0.0,0.0,0.0,0.0,0.0,0.0,0.0,0.0,2.0,0.0,0.0,1.0,0.0,0.0,0.0,0.0,0.0,0.0,0.0,0.0,0.0,0.0,0.0,0.0,0.0,0.0,0.0,0.0,0.0,0.0,0.0,0.0,0.0,0.0,0.0,0.0,0.0,0.0,0.0
DOXORUBICIN,1,0.5,positive_moderate,CC1C(C(CC(O1)OC2CC(CC3=C2C(=C4C(=C3O)C(=O)C5=C(C4=O)C(=CC=C5)OC)O)(C(=O)CO)O)N)O,543.5250000000003,514.2930000000003,543.1740607479999,1.6862632099701684,1376.5187409654495,206.07,0.4444444444444444,39.0,7.0,12.0,3.0,2.0,12.0,6.0,12.0,5.0,1.0,5.0,0.0012999999999995793,131.7544000000001,0.0,3.0,2.0,0.0,0.0,0.0,0.0,2.0,0.0,0.0,3.0,3.0,0.0,0.0,0.0,1.0,0.0,0.0,0.0,0.0,0.0,0.0,0.0,0.0,0.0,2.0,3.0,0.0,3.0,0.0,0.0,0.0,0.0,3.0,1.0,0.0,0.0,1.0,0.0,0.0,0.0,0.0,2.0,2.0,0.0,0.0,0.0,0.0,0.0,0.0,0.0,0.0,0.0,0.0,0.0,0.0
DROPERIDOL,1,0.5,positive_moderate,C1CN(CC=C1N2C3=CC=CC=C3NC2=O)CCCC(=O)C4=CC=C(C=C4)F,379.43500000000006,357.25900000000007,379.16960516399996,1.3395408561115356,1079.104975542076,58.1,0.2727272727272727,28.0,1.0,5.0,1.0,3.0,3.0,1.0,6.0,6.0,0.0,4.0,3.6784000000000026,107.85320000000003,0.0,0.0,0.0,0.0,0.0,2.0,1.0,0.0,0.0,0.0,1.0,1.0,0.0,2.0,1.0,0.0,0.0,0.0,1.0,0.0,0.0,0.0,0.0,0.0,0.0,2.0,1.0,0.0,0.0,0.0,1.0,1.0,0.0,1.0,1.0,0.0,0.0,0.0,0.0,0.0,0.0,2.0,0.0,0.0,0.0,0.0,0.0,0.0,0.0,0.0,0.0,0.0,0.0,0.0,0.0,0.0
ENCORAFENIB,1,0.5,positive_moderate,CC(C)N1C=C(C(=N1)C2=C(C(=CC(=C2)Cl)NS(=O)(=O)C)F)C3=NC(=NC=C3)NCC(C)NC(=O)OC,540.0210000000002,512.8050000000003,539.151779244,2.0273149265395833,1364.4216286332571,140.13,0.36363636363636365,36.0,3.0,11.0,0.0,3.0,8.0,3.0,14.0,9.0,0.0,3.0,3.908400000000001,136.00089999999994,0.0,0.0,0.0,0.0,0.0,4.0,0.0,0.0,0.0,0.0,1.0,1.0,0.0,4.0,3.0,0.0,0.0,0.0,0.0,0.0,0.0,1.0,0.0,2.0,0.0,1.0,0.0,0.0,1.0,0.0,2.0,0.0,0.0,0.0,0.0,0.0,0.0,1.0,0.0,0.0,0.0,0.0,0.0,0.0,0.0,0.0,0.0,0.0,0.0,0.0,1.0,0.0,0.0,0.0,0.0,0.0
EPHEDRINE,1,0.5,positive_moderate,CC(C(C1=CC=CC=C1)O)NC,165.236,150.11599999999996,165.1153641,2.7110407232330616,222.5400055614587,32.26,0.4,12.0,2.0,2.0,0.0,1.0,2.0,2.0,2.0,3.0,0.0,1.0,1.3278999999999999,49.92350000000003,0.0,1.0,1.0,0.0,0.0,0.0,0.0,0.0,0.0,0.0,0.0,0.0,0.0,0.0,1.0,0.0,1.0,0.0,0.0,0.0,0.0,0.0,0.0,0.0,0.0,1.0,0.0,0.0,0.0,0.0,0.0,0.0,0.0,0.0,0.0,0.0,0.0,0.0,0.0,0.0,0.0,0.0,0.0,0.0,0.0,0.0,0.0,0.0,0.0,0.0,0.0,0.0,0.0,0.0,0.0,0.0
ETOPOSIDE,1,0.5,positive_moderate,CC1OCC2C(O1)C(C(C(O2)OC3C4COC(=O)C4C(C5=CC6=C(C=C35)OCO6)C7=CC(=C(C(=C7)OC)O)OC)O)O,588.5620000000005,556.3060000000004,588.1842910839999,1.3182370054389005,1352.5325604550392,160.83,0.5517241379310345,42.0,3.0,13.0,5.0,2.0,13.0,3.0,13.0,5.0,3.0,7.0,1.3385999999999993,138.3454,0.0,2.0,2.0,0.0,0.0,0.0,0.0,1.0,0.0,0.0,1.0,1.0,0.0,0.0,0.0,0.0,0.0,0.0,0.0,0.0,0.0,0.0,0.0,0.0,0.0,2.0,4.0,1.0,9.0,0.0,0.0,0.0,0.0,0.0,0.0,0.0,1.0,2.0,0.0,0.0,0.0,0.0,1.0,1.0,0.0,0.0,0.0,0.0,0.0,0.0,0.0,0.0,0.0,0.0,0.0,0.0
FAMOTIDINE,1,0.5,positive_moderate,C1=C(N=C(S1)N=C(N)N)CSCCC(=NS(=O)(=O)N)N,337.4560000000001,322.33600000000007,337.04493572,2.366985109789652,603.3416169759435,175.83,0.375,20.0,8.0,9.0,0.0,1.0,6.0,4.0,12.0,7.0,0.0,1.0,-0.7679999999999998,83.0924,0.0,0.0,0.0,0.0,0.0,1.0,0.0,0.0,0.0,0.0,0.0,0.0,1.0,3.0,0.0,4.0,0.0,0.0,0.0,0.0,0.0,0.0,1.0,0.0,0.0,0.0,0.0,0.0,0.0,1.0,0.0,0.0,0.0,0.0,0.0,0.0,0.0,0.0,0.0,0.0,0.0,0.0,0.0,0.0,0.0,0.0,0.0,0.0,0.0,1.0,0.0,0.0,1.0,0.0,0.0,0.0
FLUDARABINE,1,0.5,positive_moderate,C1=NC2=C(N=C(N=C2N1C3C(C(C(O3)CO)O)O)F)N,285.23500000000007,273.13899999999995,285.087332084,2.0706641278559674,649.8548135685061,139.54000000000002,0.5,20.0,5.0,9.0,1.0,2.0,8.0,4.0,10.0,2.0,1.0,3.0,-1.8409,62.702800000000025,0.0,3.0,3.0,1.0,0.0,4.0,0.0,0.0,0.0,0.0,0.0,0.0,0.0,4.0,0.0,1.0,0.0,0.0,0.0,0.0,0.0,0.0,0.0,1.0,0.0,0.0,1.0,0.0,1.0,0.0,1.0,1.0,0.0,0.0,0.0,0.0,0.0,0.0,0.0,0.0,0.0,0.0,0.0,0.0,0.0,0.0,0.0,0.0,0.0,0.0,0.0,0.0,0.0,0.0,0.0,0.0
GABAPENTIN,1,0.5,positive_moderate,C1CCC(CC1)(CC(=O)O)CN,171.23999999999998,154.10399999999998,171.125928784,2.5326302810221746,161.9114705065293,63.31999999999999,0.8888888888888888,12.0,3.0,3.0,1.0,0.0,2.0,2.0,3.0,3.0,1.0,1.0,1.3703,46.82520000000001,1.0,0.0,0.0,0.0,0.0,0.0,0.0,0.0,1.0,1.0,1.0,0.0,0.0,0.0,0.0,1.0,0.0,0.0,0.0,0.0,0.0,0.0,0.0,0.0,0.0,0.0,0.0,0.0,0.0,0.0,0.0,0.0,0.0,0.0,0.0,0.0,0.0,0.0,0.0,0.0,0.0,0.0,0.0,0.0,0.0,0.0,0.0,0.0,0.0,0.0,0.0,0.0,0.0,0.0,0.0,0.0
GLYCOPYRROLATE,1,0.5,positive_moderate,C[N+]1(CCC(C1)OC(=O)C(C2CCCC2)(C3=CC=CC=C3)O)C.[Br-],398.34099999999995,370.11699999999996,397.1252558559999,2.0833314752100527e-06,556.9901447057542,46.53,0.631578947368421,24.0,1.0,4.0,2.0,1.0,3.0,1.0,5.0,4.0,2.0,3.0,-0.5396999999999983,88.63620000000006,0.0,1.0,0.0,0.0,0.0,0.0,0.0,0.0,0.0,0.0,1.0,1.0,0.0,1.0,0.0,0.0,1.0,1.0,0.0,0.0,0.0,0.0,0.0,0.0,0.0,1.0,0.0,1.0,1.0,0.0,1.0,0.0,0.0,0.0,0.0,0.0,0.0,0.0,0.0,0.0,0.0,0.0,0.0,0.0,0.0,0.0,0.0,0.0,1.0,0.0,0.0,0.0,0.0,0.0,0.0,0.0
HYDROCORTISONE,1,0.5,positive_moderate,CC12CCC(=O)C=C1CCC3C2C(CC4(C3CCC4(C(=O)COC(=O)CCC(=O)[O-])O)C)O.[Na+],484.5210000000003,451.25700000000023,484.2073122959999,3.2399942415857873e-06,914.5917174546261,141.03,0.76,34.0,2.0,8.0,4.0,0.0,8.0,2.0,9.0,6.0,3.0,4.0,-2.1333999999999937,113.25660000000008,1.0,2.0,1.0,0.0,0.0,0.0,0.0,0.0,1.0,1.0,4.0,4.0,0.0,0.0,0.0,0.0,0.0,0.0,0.0,0.0,1.0,0.0,0.0,0.0,0.0,0.0,5.0,1.0,1.0,0.0,0.0,0.0,0.0,2.0,1.0,0.0,0.0,0.0,0.0,0.0,0.0,0.0,0.0,0.0,0.0,0.0,0.0,0.0,0.0,0.0,0.0,0.0,0.0,0.0,0.0,0.0
HYDROMORPHONE,1,0.5,positive_moderate,CN1CCC23C4C1CC5=C2C(=C(C=C5)O)OC3C(=O)CC4,285.3430000000001,266.1909999999999,285.136493468,1.8330360876486917,670.2442212037415,49.77,0.5882352941176471,21.0,1.0,4.0,4.0,1.0,4.0,1.0,4.0,0.0,2.0,5.0,1.6302999999999999,76.67080000000004,0.0,0.0,0.0,0.0,0.0,0.0,0.0,1.0,0.0,0.0,1.0,1.0,0.0,1.0,0.0,0.0,1.0,1.0,0.0,0.0,0.0,0.0,0.0,0.0,0.0,1.0,0.0,0.0,1.0,0.0,0.0,0.0,0.0,1.0,1.0,0.0,0.0,0.0,0.0,0.0,0.0,0.0,1.0,1.0,1.0,0.0,0.0,0.0,0.0,0.0,0.0,0.0,0.0,0.0,0.0,0.0
IFOSFAMIDE,1,0.5,positive_moderate,C1CN(P(=O)(OC1)NCCCl)CCCl,261.08899999999994,245.969,260.02481971000003,2.5450086526899947,215.86647567444427,41.57,1.0,14.0,1.0,4.0,1.0,0.0,2.0,1.0,7.0,5.0,1.0,1.0,1.884,59.19120000000003,0.0,0.0,0.0,0.0,0.0,0.0,0.0,0.0,0.0,0.0,0.0,0.0,0.0,1.0,1.0,0.0,0.0,0.0,0.0,2.0,0.0,0.0,0.0,0.0,0.0,0.0,0.0,0.0,0.0,0.0,2.0,0.0,0.0,0.0,0.0,0.0,0.0,0.0,0.0,0.0,0.0,0.0,0.0,0.0,0.0,0.0,0.0,0.0,0.0,0.0,0.0,0.0,0.0,0.0,0.0,0.0
IOPAMIDOL,1,0.5,positive_moderate,CC(C(=O)NC1=C(C(=C(C(=C1I)C(=O)NC(CO)CO)I)C(=O)NC(CO)CO)I)O,777.0880000000001,754.9120000000001,776.854108664,3.662660443416784,776.3251592607854,188.45,0.47058823529411764,31.0,8.0,11.0,0.0,1.0,8.0,8.0,14.0,10.0,0.0,1.0,-1.0143000000000004,135.75510000000003,0.0,5.0,5.0,0.0,0.0,0.0,0.0,0.0,0.0,0.0,3.0,3.0,0.0,0.0,3.0,0.0,0.0,0.0,0.0,0.0,0.0,3.0,0.0,1.0,0.0,1.0,0.0,0.0,0.0,0.0,3.0,0.0,0.0,0.0,0.0,0.0,0.0,0.0,0.0,0.0,0.0,0.0,0.0,0.0,0.0,0.0,0.0,0.0,0.0,0.0,0.0,0.0,0.0,0.0,0.0,0.0
ISOSORBIDE DINITRATE,1,0.5,positive_moderate,C1C(C2C(O1)C(CO2)O[N+](=O)[O-])O[N+](=O)[O-],236.13599999999997,228.07199999999995,236.02806521600002,1.9481182350126691,278.90366073218416,123.20000000000002,1.0,16.0,0.0,10.0,2.0,0.0,8.0,0.0,10.0,4.0,2.0,2.0,-1.0621999999999998,43.214800000000025,0.0,0.0,0.0,0.0,0.0,0.0,0.0,0.0,0.0,0.0,0.0,0.0,0.0,2.0,0.0,0.0,0.0,0.0,0.0,0.0,0.0,0.0,0.0,0.0,0.0,0.0,1.0,0.0,2.0,0.0,0.0,0.0,0.0,0.0,0.0,0.0,0.0,0.0,0.0,0.0,0.0,0.0,0.0,0.0,0.0,0.0,0.0,0.0,0.0,0.0,0.0,0.0,0.0,0.0,0.0,0.0
KETAMINE,1,0.5,positive_moderate,CNC1(CCCCC1=O)C2=CC=CC=C2Cl,237.73000000000002,221.60199999999995,237.092041812,2.4834146744155157,404.67399692249853,29.1,0.46153846153846156,16.0,1.0,2.0,1.0,1.0,2.0,1.0,3.0,2.0,1.0,2.0,2.897800000000001,65.66470000000004,0.0,0.0,0.0,0.0,0.0,0.0,0.0,0.0,0.0,0.0,1.0,1.0,0.0,0.0,1.0,0.0,1.0,0.0,0.0,0.0,0.0,0.0,0.0,0.0,0.0,1.0,0.0,0.0,0.0,0.0,1.0,0.0,0.0,1.0,1.0,0.0,0.0,0.0,0.0,0.0,0.0,0.0,0.0,0.0,0.0,0.0,0.0,0.0,0.0,0.0,0.0,0.0,0.0,0.0,0.0,0.0
LABETALOL,1,0.5,positive_moderate,CC(CCC1=CC=CC=C1)NCC(C2=CC(=C(C=C2)O)C(=O)N)O.Cl,364.873,339.673,364.15537034,3.1249963700043464e-06,679.6243520195803,95.58,0.3157894736842105,25.0,5.0,5.0,0.0,2.0,4.0,4.0,6.0,8.0,0.0,2.0,2.5572000000000012,101.06020000000004,0.0,1.0,1.0,0.0,0.0,0.0,0.0,1.0,0.0,0.0,1.0,1.0,0.0,0.0,1.0,1.0,0.0,0.0,0.0,0.0,0.0,1.0,0.0,0.0,1.0,2.0,0.0,0.0,0.0,0.0,1.0,0.0,0.0,0.0,0.0,0.0,0.0,0.0,0.0,0.0,0.0,0.0,1.0,0.0,0.0,0.0,1.0,0.0,0.0,0.0,0.0,0.0,0.0,0.0,0.0,0.0
LEVOLEUCOVORIN,1,0.5,positive_moderate,C1C(N(C2=C(N1)N=C(NC2=O)N)C=O)CNC3=CC=C(C=C3)C(=O)NC(CCC(=O)[O-])C(=O)[O-].[Ca+2],511.50800000000027,490.34000000000026,511.1128369919999,4.3199910536191775e-06,1155.5009615412487,225.5,0.3,35.0,6.0,14.0,1.0,2.0,11.0,5.0,15.0,10.0,0.0,3.0,-3.7812999999999963,121.27870000000003,2.0,0.0,0.0,1.0,0.0,2.0,1.0,0.0,2.0,2.0,4.0,4.0,0.0,2.0,4.0,1.0,0.0,0.0,1.0,0.0,0.0,2.0,0.0,4.0,0.0,1.0,1.0,0.0,0.0,0.0,0.0,0.0,0.0,0.0,0.0,0.0,0.0,0.0,0.0,0.0,0.0,0.0,0.0,0.0,0.0,0.0,0.0,0.0,0.0,0.0,0.0,0.0,0.0,0.0,0.0,0.0
MELPHALAN,1,0.5,positive_moderate,C1=CC(=CC=C1CC(C(=O)O)N)N(CCCl)CCCl,305.2049999999999,287.061,304.074533176,2.706794917935504,392.1346196779266,66.55999999999999,0.46153846153846156,19.0,3.0,4.0,0.0,1.0,3.0,2.0,6.0,8.0,0.0,1.0,1.925,79.41020000000003,1.0,0.0,0.0,0.0,0.0,0.0,0.0,0.0,1.0,1.0,1.0,0.0,0.0,1.0,0.0,1.0,0.0,0.0,0.0,2.0,0.0,0.0,0.0,1.0,0.0,1.0,0.0,0.0,0.0,0.0,2.0,0.0,0.0,0.0,0.0,0.0,0.0,0.0,0.0,0.0,0.0,0.0,0.0,0.0,0.0,0.0,0.0,0.0,0.0,0.0,0.0,0.0,0.0,0.0,0.0,0.0
METAMIZOLE,1,0.5,positive_moderate,CC1=C(C(=O)N(N1C)C2=CC=CC=C2)N(C)CS(=O)(=O)O,311.36300000000006,294.22700000000003,311.09397702399997,2.588329530830611,805.9321855038761,84.54,0.3076923076923077,21.0,1.0,7.0,0.0,2.0,4.0,1.0,8.0,4.0,0.0,2.0,0.7659199999999999,80.56560000000005,0.0,0.0,0.0,0.0,0.0,2.0,0.0,0.0,0.0,0.0,0.0,0.0,0.0,3.0,0.0,0.0,0.0,0.0,0.0,0.0,0.0,0.0,0.0,1.0,0.0,1.0,0.0,0.0,0.0,0.0,0.0,0.0,0.0,0.0,0.0,0.0,0.0,0.0,0.0,0.0,0.0,1.0,0.0,0.0,0.0,0.0,0.0,0.0,0.0,0.0,0.0,0.0,0.0,0.0,0.0,0.0
METHYLPREDNISOLONE,1,0.5,positive_moderate,CC1CC2C3CCC(C3(CC(C2C4(C1=CC(=O)C=C4)C)O)C)(C(=O)CO)O,374.47700000000015,344.2370000000001,374.2093240599999,1.7810658643895225,753.8020968349459,94.83,0.7272727272727273,27.0,3.0,5.0,4.0,0.0,5.0,3.0,5.0,2.0,3.0,4.0,1.8036000000000003,99.59540000000004,0.0,3.0,2.0,0.0,0.0,0.0,0.0,0.0,0.0,0.0,2.0,2.0,0.0,0.0,0.0,0.0,0.0,0.0,0.0,0.0,4.0,0.0,0.0,0.0,0.0,0.0,5.0,0.0,0.0,0.0,0.0,0.0,0.0,2.0,1.0,0.0,0.0,0.0,0.0,0.0,0.0,0.0,0.0,0.0,0.0,0.0,0.0,0.0,0.0,0.0,0.0,0.0,0.0,0.0,0.0,0.0
MIDAZOLAM,1,0.5,positive_moderate,CC1=NC=C2N1C3=C(C=C(C=C3)Cl)C(=NC2)C4=CC=CC=C4F,325.774,312.67,325.078203316,2.0274961737508224,943.1897985853425,30.18,0.1111111111111111,23.0,0.0,3.0,1.0,3.0,2.0,0.0,5.0,1.0,0.0,4.0,4.324220000000002,89.05400000000003,0.0,0.0,0.0,0.0,0.0,2.0,0.0,0.0,0.0,0.0,0.0,0.0,1.0,3.0,0.0,0.0,0.0,0.0,0.0,0.0,0.0,0.0,0.0,0.0,1.0,2.0,3.0,0.0,0.0,0.0,2.0,1.0,0.0,0.0,0.0,0.0,0.0,0.0,0.0,0.0,0.0,0.0,0.0,0.0,0.0,0.0,0.0,0.0,0.0,0.0,0.0,0.0,0.0,0.0,0.0,0.0
MORPHINE,1,0.5,positive_moderate,CN1CCC23C4C1CC5=C2C(=C(C=C5)O)OC3C(C=C4)O,285.343,266.1909999999999,285.136493468,1.8445254467475665,670.2442212037415,52.93000000000001,0.5294117647058824,21.0,2.0,4.0,4.0,1.0,4.0,2.0,4.0,0.0,1.0,5.0,1.1981,77.57660000000003,0.0,1.0,1.0,0.0,0.0,0.0,0.0,1.0,0.0,0.0,0.0,0.0,0.0,1.0,0.0,0.0,1.0,1.0,0.0,0.0,0.0,0.0,0.0,0.0,0.0,1.0,0.0,0.0,1.0,0.0,0.0,0.0,0.0,0.0,0.0,0.0,0.0,0.0,0.0,0.0,0.0,0.0,1.0,1.0,1.0,0.0,0.0,0.0,0.0,0.0,0.0,0.0,0.0,0.0,0.0,0.0
NAPROXEN,1,0.5,positive_moderate,CC(C1=CC2=C(C=C1)C=C(C=C2)OC)C(=O)O,230.26299999999998,216.15099999999995,230.094294308,2.4789644386388336,560.3959195741091,46.53,0.21428571428571427,17.0,1.0,3.0,0.0,2.0,2.0,1.0,3.0,3.0,0.0,2.0,3.036500000000001,66.55080000000004,1.0,0.0,0.0,0.0,0.0,0.0,0.0,0.0,1.0,1.0,1.0,0.0,0.0,0.0,0.0,0.0,0.0,0.0,0.0,0.0,0.0,0.0,0.0,0.0,0.0,2.0,1.0,0.0,1.0,0.0,0.0,0.0,0.0,0.0,0.0,0.0,0.0,1.0,0.0,0.0,0.0,0.0,0.0,0.0,0.0,0.0,0.0,0.0,0.0,0.0,0.0,0.0,0.0,0.0,0.0,0.0
NEMTABRUTINIB,1,0.5,positive_moderate,C1CC(OCC1NC2=NC=NC3=C2C(=CN3)C(=O)C4=C(C=C(C=C4)OC5=CC=CC=C5)Cl)CO,478.9360000000002,455.75200000000035,478.14078289599996,1.4014267946656396,1303.026976071674,109.36000000000001,0.24,34.0,3.0,8.0,1.0,4.0,7.0,3.0,9.0,7.0,1.0,5.0,4.586400000000004,128.7597,0.0,1.0,1.0,0.0,0.0,3.0,1.0,0.0,0.0,0.0,1.0,1.0,0.0,2.0,2.0,0.0,0.0,0.0,1.0,0.0,0.0,0.0,0.0,1.0,0.0,2.0,1.0,0.0,2.0,0.0,1.0,0.0,0.0,1.0,0.0,0.0,0.0,0.0,0.0,0.0,0.0,1.0,0.0,0.0,0.0,0.0,0.0,0.0,0.0,0.0,0.0,0.0,0.0,0.0,0.0,0.0
REMIFENTANIL,1,0.5,positive_moderate,CCC(=O)N(C1=CC=CC=C1)C2(CCN(CC2)CCC(=O)OC)C(=O)OC,376.45300000000015,348.2290000000001,376.1998219959999,2.26881902206893,653.5957338215269,76.15000000000002,0.55,27.0,0.0,7.0,1.0,1.0,6.0,0.0,7.0,7.0,1.0,2.0,2.0002999999999997,101.27300000000007,0.0,0.0,0.0,0.0,0.0,0.0,0.0,0.0,0.0,0.0,3.0,3.0,0.0,2.0,0.0,0.0,0.0,1.0,0.0,0.0,0.0,1.0,0.0,1.0,0.0,1.0,0.0,2.0,2.0,0.0,0.0,0.0,0.0,0.0,0.0,0.0,0.0,2.0,0.0,0.0,0.0,1.0,0.0,0.0,1.0,0.0,0.0,0.0,0.0,0.0,0.0,0.0,0.0,0.0,0.0,0.0
SEVOFLURANE,1,0.5,positive_moderate,C(OC(C(F)(F)F)C(F)(F)F)F,200.05299999999997,197.02899999999997,200.007212256,4.451370337553119,121.32225214810833,9.23,1.0,12.0,0.0,1.0,0.0,0.0,1.0,0.0,8.0,2.0,0.0,0.0,2.4232000000000005,22.958,0.0,0.0,0.0,0.0,0.0,0.0,0.0,0.0,0.0,0.0,0.0,0.0,0.0,0.0,0.0,0.0,0.0,0.0,0.0,7.0,0.0,0.0,0.0,0.0,0.0,0.0,0.0,0.0,1.0,0.0,7.0,0.0,0.0,0.0,0.0,0.0,0.0,0.0,0.0,0.0,0.0,0.0,0.0,0.0,0.0,0.0,0.0,0.0,0.0,0.0,0.0,0.0,0.0,0.0,0.0,0.0
SUCCINYLCHOLINE,1,0.5,positive_moderate,C[N+](C)(C)CCOC(=O)CCC(=O)OCC[N+](C)(C)C.[Cl-].[Cl-],361.30999999999995,331.06999999999994,360.1582628,-1.8049990794504856e-06,293.78497669256024,52.60000000000001,0.8571428571428571,22.0,0.0,6.0,0.0,0.0,4.0,0.0,8.0,9.0,0.0,0.0,-5.726600000000004,76.95080000000006,0.0,0.0,0.0,0.0,0.0,0.0,0.0,0.0,0.0,0.0,2.0,2.0,0.0,2.0,0.0,0.0,2.0,0.0,0.0,0.0,0.0,0.0,0.0,0.0,0.0,0.0,0.0,2.0,2.0,0.0,2.0,0.0,0.0,0.0,0.0,0.0,0.0,0.0,0.0,0.0,0.0,0.0,0.0,0.0,0.0,0.0,0.0,0.0,2.0,0.0,0.0,0.0,0.0,0.0,0.0,0.0
SUFENTANIL,1,0.5,positive_moderate,CCC(=O)N(C1=CC=CC=C1)C2(CCN(CC2)CCC3=CC=CS3)COC,386.5610000000001,356.3210000000001,386.20279919999996,1.735187904680074,694.3675613200569,32.78,0.5,27.0,0.0,4.0,1.0,2.0,4.0,0.0,5.0,8.0,1.0,3.0,4.214800000000004,112.52300000000007,0.0,0.0,0.0,0.0,0.0,0.0,0.0,0.0,0.0,0.0,1.0,1.0,0.0,2.0,0.0,0.0,0.0,1.0,0.0,0.0,0.0,1.0,0.0,1.0,0.0,1.0,0.0,0.0,1.0,0.0,0.0,0.0,0.0,0.0,0.0,0.0,0.0,1.0,0.0,0.0,0.0,1.0,0.0,0.0,1.0,0.0,0.0,0.0,0.0,0.0,0.0,0.0,0.0,1.0,0.0,0.0
TECFIDERA,1,0.5,positive_moderate,COC(=O)C=CC(=O)OC,144.12599999999998,136.06199999999998,144.042258736,3.7526030864834103,141.13075145540293,52.60000000000001,0.3333333333333333,10.0,0.0,4.0,0.0,0.0,4.0,0.0,4.0,2.0,0.0,0.0,-0.11140000000000017,33.172,0.0,0.0,0.0,0.0,0.0,0.0,0.0,0.0,0.0,0.0,2.0,2.0,0.0,0.0,0.0,0.0,0.0,0.0,0.0,0.0,0.0,0.0,0.0,0.0,0.0,0.0,0.0,2.0,2.0,0.0,0.0,0.0,0.0,0.0,0.0,0.0,0.0,2.0,0.0,0.0,0.0,0.0,0.0,0.0,0.0,0.0,0.0,0.0,0.0,0.0,0.0,0.0,0.0,0.0,0.0,0.0
TRANEXAMIC ACID,1,0.5,positive_moderate,C1CC(CCC1CN)C(=O)O,157.21300000000002,142.093,157.11027872,2.297820229194632,139.02748440752183,63.32000000000001,0.875,11.0,3.0,3.0,1.0,0.0,2.0,2.0,3.0,2.0,1.0,1.0,0.8361000000000001,42.1382,1.0,0.0,0.0,0.0,0.0,0.0,0.0,0.0,1.0,1.0,1.0,0.0,0.0,0.0,0.0,1.0,0.0,0.0,0.0,0.0,0.0,0.0,0.0,0.0,0.0,0.0,0.0,0.0,0.0,0.0,0.0,0.0,0.0,0.0,0.0,0.0,0.0,0.0,0.0,0.0,0.0,0.0,0.0,0.0,0.0,0.0,0.0,0.0,0.0,0.0,0.0,0.0,0.0,0.0,0.0,0.0
TREOSULFAN,1,0.5,positive_moderate,CS(=O)(=O)OCC(C(COS(=O)(=O)C)O)O,278.304,264.192,278.013009408,4.049666013861819,356.24447258666214,127.20000000000002,1.0,16.0,2.0,8.0,0.0,0.0,8.0,2.0,10.0,7.0,0.0,0.0,-2.339399999999998,53.60520000000003,0.0,2.0,2.0,0.0,0.0,0.0,0.0,0.0,0.0,0.0,0.0,0.0,0.0,0.0,0.0,0.0,0.0,0.0,0.0,0.0,0.0,0.0,0.0,0.0,0.0,0.0,0.0,0.0,0.0,0.0,0.0,0.0,0.0,0.0,0.0,0.0,0.0,0.0,0.0,0.0,0.0,0.0,0.0,0.0,0.0,0.0,0.0,0.0,0.0,0.0,0.0,0.0,0.0,0.0,0.0,0.0
VINBLASTINE,1,0.5,positive_moderate,CCC1(CC2CC(C3=C(CCN(C2)C1)C4=CC=CC=C4N3)(C5=C(C=C6C(=C5)C78CCN9C7C(C=CC9)(C(C(C8N6C)(C(=O)OC)O)OC(=O)C)CC)OC)C(=O)OC)O,810.9890000000001,752.5250000000003,810.4203794360004,1.3637618830141263,2257.0913930587544,154.1,0.5869565217391305,59.0,3.0,13.0,6.0,3.0,12.0,3.0,13.0,7.0,3.0,9.0,3.990900000000004,220.4282999999994,0.0,2.0,0.0,0.0,0.0,1.0,1.0,0.0,0.0,0.0,3.0,3.0,0.0,3.0,1.0,0.0,1.0,0.0,1.0,0.0,0.0,0.0,0.0,1.0,0.0,2.0,6.0,3.0,4.0,0.0,0.0,0.0,0.0,0.0,0.0,0.0,0.0,3.0,0.0,0.0,0.0,1.0,0.0,0.0,1.0,0.0,0.0,0.0,0.0,0.0,0.0,0.0,0.0,0.0,0.0,0.0
VINCRISTINE,1,0.5,positive_moderate,CCC1(CC2CC(C3=C(CCN(C2)C1)C4=CC=CC=C4N3)(C5=C(C=C6C(=C5)C78CCN9C7C(C=CC9)(C(C(C8N6C=O)(C(=O)OC)O)OC(=O)C)CC)OC)C(=O)OC)O,824.9720000000002,768.5240000000003,824.3996439920003,1.3790970017416169,2310.1764691569488,171.17000000000002,0.5652173913043478,60.0,3.0,14.0,6.0,3.0,12.0,3.0,14.0,8.0,3.0,9.0,3.517500000000003,220.56829999999945,0.0,2.0,0.0,0.0,0.0,1.0,1.0,0.0,0.0,0.0,4.0,4.0,0.0,3.0,1.0,0.0,0.0,0.0,1.0,0.0,0.0,1.0,0.0,1.0,0.0,2.0,6.0,3.0,4.0,0.0,0.0,0.0,0.0,0.0,0.0,0.0,0.0,3.0,0.0,0.0,0.0,1.0,0.0,0.0,1.0,0.0,0.0,0.0,0.0,0.0,0.0,0.0,0.0,0.0,0.0,0.0
ZOLEDRONIC ACID,1,0.5,positive_moderate,C1=CN(C=N1)CC(O)(P(=O)(O)O)P(=O)(O)O,272.09,262.00999999999993,271.99632391999995,3.176122132881034,423.35205919507047,153.10999999999999,0.4,16.0,5.0,9.0,0.0,1.0,4.0,5.0,11.0,4.0,0.0,1.0,-1.1154000000000002,51.26500000000002,0.0,1.0,0.0,0.0,0.0,2.0,0.0,0.0,0.0,0.0,0.0,0.0,0.0,2.0,0.0,0.0,0.0,0.0,0.0,0.0,0.0,0.0,0.0,0.0,0.0,0.0,0.0,0.0,0.0,0.0,0.0,1.0,0.0,0.0,0.0,0.0,0.0,0.0,0.0,0.0,0.0,0.0,0.0,0.0,0.0,0.0,0.0,0.0,0.0,0.0,0.0,0.0,0.0,0.0,0.0,0.0
CABOZANTINIB,0,1.0,negative_high,COC1=CC2=C(C=CN=C2C=C1OC)OC3=CC=C(C=C3)NC(=O)C4(CC4)C(=O)NC5=CC=C(C=C5)F,501.51400000000024,477.3220000000003,501.169999088,1.2698894949856234,1468.185545486659,98.78,0.17857142857142858,37.0,2.0,8.0,1.0,4.0,6.0,2.0,9.0,8.0,1.0,5.0,5.5408000000000035,136.68939999999998,0.0,0.0,0.0,0.0,0.0,1.0,0.0,0.0,0.0,0.0,2.0,2.0,0.0,1.0,2.0,0.0,0.0,0.0,0.0,0.0,0.0,2.0,0.0,2.0,0.0,3.0,1.0,0.0,3.0,0.0,1.0,0.0,0.0,0.0,0.0,0.0,0.0,2.0,0.0,0.0,0.0,0.0,0.0,0.0,0.0,0.0,0.0,1.0,0.0,0.0,0.0,0.0,0.0,0.0,0.0,0.0
CLOZAPINE,0,1.0,negative_high,CN1CCN(CC1)C2=NC3=C(C=CC(=C3)Cl)NC4=CC=CC=C42,326.8310000000001,307.6790000000001,326.129824288,1.8304332090303406,763.3669443617505,30.869999999999997,0.2777777777777778,23.0,1.0,4.0,2.0,2.0,4.0,1.0,5.0,0.0,1.0,4.0,3.7227000000000023,96.44370000000004,0.0,0.0,0.0,0.0,0.0,0.0,0.0,0.0,0.0,0.0,0.0,0.0,1.0,3.0,1.0,0.0,1.0,0.0,0.0,0.0,0.0,0.0,1.0,2.0,0.0,2.0,2.0,0.0,0.0,0.0,1.0,0.0,0.0,0.0,0.0,0.0,0.0,0.0,0.0,0.0,0.0,1.0,0.0,0.0,0.0,1.0,0.0,0.0,0.0,0.0,0.0,0.0,0.0,0.0,0.0,0.0
PALBOCICLIB,0,1.0,negative_high,CC1=C(C(=O)N(C2=NC(=NC=C12)NC3=NC=C(C=C3)N4CCNCC4)C5CCCC5)C(=O)C,447.5430000000004,418.31100000000026,447.23827316800003,1.5077585467519465,1240.3878111114063,105.03999999999999,0.4583333333333333,33.0,2.0,9.0,2.0,3.0,8.0,2.0,9.0,5.0,2.0,5.0,2.965820000000001,128.64690000000004,0.0,0.0,0.0,0.0,0.0,4.0,0.0,0.0,0.0,0.0,1.0,1.0,0.0,5.0,2.0,0.0,0.0,0.0,0.0,0.0,0.0,0.0,0.0,3.0,1.0,0.0,1.0,0.0,0.0,0.0,0.0,0.0,0.0,1.0,1.0,0.0,0.0,0.0,0.0,0.0,0.0,0.0,0.0,0.0,0.0,1.0,0.0,2.0,0.0,0.0,0.0,0.0,0.0,0.0,0.0,0.0
PIMAVANSERIN,0,1.0,negative_high,CC(C)COC1=CC=C(C=C1)CNC(=O)N(CC2=CC=C(C=C2)F)C3CCN(CC3)C,427.5640000000002,393.29200000000014,427.263505548,1.6106280772023835,815.6656777628499,44.81,0.48,31.0,1.0,5.0,1.0,2.0,3.0,1.0,6.0,8.0,1.0,3.0,4.6665000000000045,121.47270000000007,0.0,0.0,0.0,0.0,0.0,0.0,0.0,0.0,0.0,0.0,1.0,1.0,0.0,2.0,1.0,0.0,0.0,1.0,0.0,0.0,0.0,2.0,0.0,0.0,0.0,2.0,0.0,0.0,1.0,0.0,1.0,0.0,0.0,0.0,0.0,0.0,0.0,0.0,0.0,0.0,0.0,0.0,0.0,0.0,1.0,0.0,0.0,0.0,0.0,0.0,0.0,0.0,0.0,0.0,0.0,1.0
POMALIDOMIDE,0,1.0,negative_high,C1CC(=O)NC(=O)C1N2C(=O)C3=C(C2=O)C(=CC=C3)N,273.248,262.15999999999997,273.07495583200006,1.9999647590304859,667.5801566907198,109.57000000000001,0.23076923076923078,20.0,3.0,7.0,2.0,1.0,5.0,2.0,7.0,1.0,1.0,3.0,-0.33000000000000046,67.5261,0.0,0.0,0.0,1.0,0.0,0.0,0.0,0.0,0.0,0.0,4.0,4.0,0.0,1.0,1.0,1.0,0.0,0.0,0.0,0.0,0.0,4.0,0.0,1.0,0.0,1.0,1.0,0.0,0.0,0.0,0.0,0.0,2.0,0.0,0.0,0.0,0.0,0.0,0.0,0.0,0.0,0.0,0.0,0.0,1.0,0.0,0.0,0.0,0.0,0.0,0.0,0.0,0.0,0.0,0.0,0.0
RELUGOLIX,0,1.0,negative_high,CN(C)CC1=C(SC2=C1C(=O)N(C(=O)N2CC3=C(C=CC=C3F)F)C4=NN=C(C=C4)OC)C5=CC=C(C=C5)NC(=O)NOC,623.6420000000002,596.4260000000002,623.176244404,1.7858629143589353,1935.0797674280989,132.61,0.20689655172413793,44.0,2.0,12.0,0.0,5.0,9.0,2.0,15.0,9.0,0.0,5.0,3.7505000000000015,161.27439999999964,0.0,0.0,0.0,0.0,0.0,4.0,0.0,0.0,0.0,0.0,1.0,1.0,0.0,5.0,2.0,0.0,0.0,0.0,0.0,0.0,0.0,2.0,0.0,1.0,0.0,2.0,1.0,0.0,1.0,0.0,2.0,0.0,0.0,0.0,0.0,0.0,0.0,1.0,0.0,0.0,0.0,0.0,0.0,0.0,0.0,0.0,0.0,0.0,0.0,0.0,0.0,0.0,0.0,1.0,0.0,1.0
ABEMACICLIB,0,0.8,negative_moderate,CCN1CCN(CC1)CC2=CN=C(C=C2)NC3=NC=C(C(=N3)C4=CC5=C(C(=C4)F)N=C(N5C(C)C)C)F,506.6050000000003,474.3490000000002,506.271799464,1.347617661609908,1392.0510651500408,75.0,0.4074074074074074,37.0,1.0,8.0,1.0,4.0,7.0,1.0,10.0,7.0,1.0,5.0,4.936920000000004,140.70769999999987,0.0,0.0,0.0,0.0,0.0,5.0,0.0,0.0,0.0,0.0,0.0,0.0,0.0,7.0,1.0,0.0,1.0,0.0,0.0,0.0,0.0,0.0,0.0,2.0,1.0,1.0,1.0,0.0,0.0,0.0,2.0,1.0,0.0,0.0,0.0,0.0,0.0,0.0,0.0,0.0,0.0,0.0,0.0,0.0,0.0,1.0,0.0,1.0,0.0,0.0,0.0,0.0,0.0,0.0,0.0,0.0
ALPRAZOLAM,0,0.8,negative_moderate,CC1=NN=C2N1C3=C(C=C(C=C3)Cl)C(=NC2)C4=CC=CC=C4,308.772,295.66800000000006,308.082874096,2.0133815691934758,880.9295253951269,43.07,0.11764705882352941,22.0,0.0,4.0,1.0,3.0,3.0,0.0,5.0,1.0,0.0,4.0,3.5801200000000017,86.89100000000002,0.0,0.0,0.0,0.0,0.0,3.0,0.0,0.0,0.0,0.0,0.0,0.0,1.0,4.0,0.0,0.0,0.0,0.0,0.0,0.0,0.0,0.0,0.0,0.0,1.0,2.0,3.0,0.0,0.0,0.0,1.0,0.0,0.0,0.0,0.0,0.0,0.0,0.0,0.0,0.0,0.0,0.0,0.0,0.0,0.0,0.0,0.0,0.0,0.0,0.0,0.0,0.0,0.0,0.0,0.0,0.0
APREMILAST,0,0.8,negative_moderate,CCOC1=C(C=CC(=C1)C(CS(=O)(=O)C)N2C(=O)C3=C(C2=O)C(=CC=C3)NC(=O)C)OC,460.5080000000002,436.31600000000026,460.13042210799995,2.1316849521197563,1190.7606526293957,119.08,0.3181818181818182,32.0,1.0,9.0,1.0,2.0,7.0,1.0,10.0,8.0,0.0,3.0,2.4342000000000006,117.86050000000004,0.0,0.0,0.0,0.0,0.0,0.0,0.0,0.0,0.0,0.0,3.0,3.0,0.0,1.0,1.0,0.0,0.0,0.0,0.0,0.0,0.0,3.0,0.0,1.0,0.0,2.0,1.0,0.0,2.0,0.0,0.0,0.0,1.0,0.0,0.0,0.0,0.0,1.0,0.0,0.0,0.0,0.0,0.0,0.0,0.0,0.0,0.0,0.0,0.0,0.0,0.0,0.0,0.0,0.0,0.0,0.0
AZATHIOPRINE,0,0.8,negative_moderate,CN1C=NC(=C1SC2=NC=NC3=C2NC=N3)[N+](=O)[O-],277.26900000000006,270.213,277.038193464,2.0834579657542083,764.8623146411958,115.42000000000002,0.1111111111111111,19.0,1.0,9.0,0.0,3.0,7.0,1.0,10.0,3.0,0.0,3.0,1.1458,65.6691,0.0,0.0,0.0,0.0,0.0,6.0,1.0,0.0,0.0,0.0,0.0,0.0,0.0,6.0,1.0,0.0,0.0,0.0,1.0,0.0,0.0,0.0,0.0,0.0,1.0,0.0,1.0,0.0,0.0,0.0,0.0,2.0,0.0,0.0,0.0,0.0,0.0,0.0,0.0,1.0,0.0,0.0,0.0,0.0,0.0,0.0,0.0,0.0,0.0,0.0,0.0,0.0,0.0,0.0,0.0,0.0
IBRUTINIB,0,0.8,negative_moderate,C=CC(=O)N1CCCC(C1)N2C3=NC=NC(=C3C(=N2)C4=CC=C(C=C4)OC5=CC=CC=C5)N,440.5070000000002,416.3150000000002,440.196074008,1.5007676073343363,1299.9886996136904,99.16,0.2,33.0,2.0,8.0,1.0,4.0,6.0,1.0,8.0,5.0,1.0,5.0,4.2173000000000025,126.73539999999998,0.0,0.0,0.0,1.0,0.0,4.0,0.0,0.0,0.0,0.0,1.0,1.0,0.0,5.0,0.0,1.0,0.0,1.0,0.0,0.0,0.0,1.0,0.0,1.0,0.0,2.0,1.0,0.0,1.0,0.0,0.0,0.0,0.0,0.0,0.0,0.0,0.0,0.0,0.0,0.0,0.0,1.0,0.0,0.0,1.0,0.0,0.0,0.0,0.0,0.0,0.0,0.0,0.0,0.0,0.0,0.0
OLANZAPINE,0,0.8,negative_moderate,CC1=CC2=C(S1)NC3=CC=CC=C3N=C2N4CCN(CC4)C,312.4420000000001,292.28200000000004,312.14086764,1.8094067663599598,726.0102103648205,30.870000000000005,0.35294117647058826,22.0,1.0,4.0,2.0,2.0,5.0,1.0,5.0,0.0,1.0,4.0,3.4392200000000033,94.04770000000003,0.0,0.0,0.0,0.0,0.0,0.0,0.0,0.0,0.0,0.0,0.0,0.0,1.0,3.0,1.0,0.0,1.0,0.0,0.0,0.0,0.0,0.0,1.0,2.0,1.0,1.0,2.0,0.0,0.0,0.0,0.0,0.0,0.0,0.0,0.0,0.0,0.0,0.0,0.0,0.0,0.0,2.0,0.0,0.0,0.0,1.0,0.0,0.0,0.0,0.0,0.0,0.0,0.0,1.0,0.0,0.0
QUETIAPINE,0,0.8,negative_moderate,C1CN(CCN1CCOCCO)C2=NC3=CC=CC=C3SC4=CC=CC=C42,383.5170000000001,358.31700000000006,383.16674804,1.503401767723711,803.5186584789169,48.3,0.38095238095238093,27.0,1.0,5.0,2.0,2.0,6.0,1.0,6.0,5.0,1.0,4.0,2.8560000000000016,109.12180000000004,0.0,1.0,1.0,0.0,0.0,0.0,0.0,0.0,0.0,0.0,0.0,0.0,1.0,3.0,0.0,0.0,0.0,0.0,0.0,0.0,0.0,0.0,1.0,0.0,0.0,2.0,2.0,0.0,1.0,0.0,0.0,0.0,0.0,0.0,0.0,0.0,0.0,0.0,0.0,0.0,0.0,1.0,0.0,0.0,0.0,1.0,0.0,0.0,0.0,0.0,0.0,0.0,0.0,0.0,0.0,0.0
TREPROSTINIL,0,0.8,negative_moderate,CCCCCC(CCC1C(CC2C1CC3=C(C2)C(=CC=C3)OCC(=O)O)O)O,390.5200000000001,356.2480000000001,390.24062418799986,1.6231389319130178,658.3928100087995,86.99000000000001,0.6956521739130435,28.0,3.0,5.0,2.0,1.0,4.0,3.0,5.0,10.0,1.0,3.0,3.5832000000000024,107.45740000000009,1.0,2.0,2.0,0.0,0.0,0.0,0.0,0.0,1.0,1.0,1.0,0.0,0.0,0.0,0.0,0.0,0.0,0.0,0.0,0.0,0.0,0.0,0.0,0.0,0.0,1.0,2.0,0.0,1.0,0.0,0.0,0.0,0.0,0.0,0.0,0.0,0.0,0.0,0.0,0.0,0.0,0.0,0.0,0.0,0.0,0.0,0.0,0.0,0.0,0.0,0.0,0.0,0.0,0.0,2.0,0.0
ADAPALENE,0,0.6,negative_expanded,COC1=C(C=C(C=C1)C2=CC3=C(C=C2)C=C(C=C3)C(=O)O)C45CC6CC(C4)CC(C6)C5,412.5290000000003,384.3050000000002,412.20384475599997,1.4279429813022033,1156.7976717268523,46.53,0.39285714285714285,31.0,1.0,3.0,4.0,3.0,2.0,1.0,3.0,4.0,4.0,7.0,6.681400000000005,122.74530000000009,0.0,0.0,0.0,0.0,1.0,0.0,0.0,0.0,1.0,1.0,1.0,0.0,0.0,0.0,0.0,0.0,0.0,0.0,0.0,0.0,0.0,0.0,0.0,0.0,0.0,3.0,1.0,0.0,1.0,0.0,0.0,0.0,0.0,0.0,0.0,0.0,0.0,1.0,0.0,0.0,0.0,0.0,0.0,0.0,0.0,0.0,0.0,0.0,0.0,0.0,0.0,0.0,0.0,0.0,0.0,0.0
AMBRISENTAN,0,0.6,negative_expanded,CC1=CC(=NC(=N1)OC(C(=O)O)C(C2=CC=CC=C2)(C3=CC=CC=C3)OC)C,378.4280000000001,356.2520000000002,378.157957184,2.1934632288677594,885.5152815355896,81.54,0.22727272727272727,28.0,1.0,6.0,0.0,3.0,5.0,1.0,6.0,7.0,0.0,3.0,3.515640000000003,104.23080000000003,1.0,0.0,0.0,0.0,0.0,2.0,0.0,0.0,1.0,1.0,1.0,0.0,0.0,2.0,0.0,0.0,0.0,0.0,0.0,0.0,0.0,0.0,0.0,0.0,2.0,2.0,0.0,0.0,2.0,0.0,0.0,0.0,0.0,0.0,0.0,0.0,0.0,1.0,0.0,0.0,0.0,0.0,0.0,0.0,0.0,0.0,0.0,0.0,0.0,0.0,0.0,0.0,0.0,0.0,0.0,0.0
ARIPIPRAZOLE,0,0.6,negative_expanded,C1CC(=O)NC2=C1C=CC(=C2)OCCCCN3CCN(CC3)C4=C(C(=CC=C4)Cl)Cl,448.3940000000001,421.1780000000001,447.148032464,1.1543969516664407,898.0121087625581,44.81,0.43478260869565216,30.0,1.0,5.0,2.0,2.0,4.0,1.0,7.0,7.0,1.0,4.0,4.859300000000005,123.23670000000003,0.0,0.0,0.0,0.0,0.0,0.0,0.0,0.0,0.0,0.0,1.0,1.0,0.0,2.0,1.0,0.0,0.0,0.0,0.0,0.0,0.0,1.0,0.0,2.0,1.0,2.0,1.0,0.0,1.0,0.0,2.0,0.0,0.0,0.0,0.0,0.0,0.0,0.0,0.0,0.0,0.0,0.0,0.0,0.0,0.0,1.0,0.0,0.0,0.0,0.0,0.0,0.0,0.0,0.0,1.0,0.0
AZACITIDINE,0,0.6,negative_expanded,C1=NC(=NC(=O)N1C2C(C(C(O2)CO)O)O)N,244.207,232.11099999999996,244.080769484,2.3196952658217853,463.4739146948156,143.72000000000003,0.625,17.0,5.0,9.0,1.0,1.0,8.0,4.0,9.0,2.0,1.0,2.0,-3.167999999999999,53.71380000000002,0.0,3.0,3.0,1.0,0.0,3.0,0.0,0.0,0.0,0.0,0.0,0.0,0.0,3.0,0.0,1.0,0.0,0.0,0.0,0.0,0.0,0.0,0.0,1.0,0.0,0.0,0.0,0.0,1.0,0.0,0.0,0.0,0.0,0.0,0.0,0.0,0.0,0.0,0.0,0.0,0.0,0.0,0.0,0.0,0.0,0.0,0.0,0.0,0.0,0.0,0.0,0.0,0.0,0.0,0.0,0.0
CANDESARTAN,0,0.6,negative_expanded,CCOC1=NC2=CC=CC(=C2N1CC3=CC=C(C=C3)C4=CC=CC=C4C5=NNN=N5)C(=O)O,440.46300000000014,420.30300000000017,440.1596885,1.525137780669044,1424.913779430258,118.81000000000002,0.125,33.0,2.0,9.0,0.0,5.0,6.0,2.0,9.0,7.0,0.0,5.0,4.028600000000003,122.01300000000002,0.0,0.0,0.0,0.0,1.0,6.0,1.0,0.0,1.0,1.0,1.0,0.0,0.0,5.0,1.0,0.0,0.0,0.0,1.0,0.0,0.0,0.0,0.0,0.0,0.0,3.0,1.0,0.0,1.0,0.0,0.0,1.0,0.0,0.0,0.0,0.0,0.0,0.0,0.0,0.0,0.0,1.0,0.0,0.0,0.0,0.0,0.0,0.0,0.0,0.0,0.0,1.0,0.0,0.0,0.0,0.0
CHOLECALCIFEROL,0,0.6,negative_expanded,CC(C)CCCC(C)C1CCC2C1(CCCC2=CC=C3CC(CCC3=C)O)C,384.6480000000002,340.2960000000001,384.33921602799995,1.695898531407001,609.7518254928541,20.23,0.7777777777777778,28.0,1.0,1.0,3.0,0.0,1.0,1.0,1.0,6.0,3.0,3.0,7.6190000000000095,121.1888000000001,0.0,1.0,1.0,0.0,0.0,0.0,0.0,0.0,0.0,0.0,0.0,0.0,0.0,0.0,0.0,0.0,0.0,0.0,0.0,0.0,4.0,0.0,0.0,0.0,0.0,0.0,1.0,0.0,0.0,0.0,0.0,0.0,0.0,0.0,0.0,0.0,0.0,0.0,0.0,0.0,0.0,0.0,0.0,0.0,0.0,0.0,0.0,0.0,0.0,0.0,0.0,0.0,0.0,0.0,0.0,0.0
CLOPIDOGREL,0,0.6,negative_expanded,COC(=O)C(C1=CC=CC=C1Cl)N2CCC3=C(C2)C=CS3,321.829,305.701,321.059027432,1.9432242287829182,655.2314628845675,29.54,0.3125,21.0,0.0,3.0,1.0,2.0,4.0,0.0,5.0,3.0,0.0,3.0,3.6739000000000024,84.64200000000004,0.0,0.0,0.0,0.0,0.0,0.0,0.0,0.0,0.0,0.0,1.0,1.0,0.0,1.0,0.0,0.0,0.0,0.0,0.0,0.0,0.0,0.0,0.0,0.0,0.0,1.0,1.0,1.0,1.0,0.0,1.0,0.0,0.0,0.0,0.0,0.0,0.0,1.0,0.0,0.0,0.0,0.0,0.0,0.0,0.0,0.0,0.0,0.0,0.0,0.0,0.0,0.0,0.0,1.0,0.0,0.0
COCAINE,0,0.6,negative_expanded,CN1C2CCC1C(C(C2)OC(=O)C3=CC=CC=C3)C(=O)OC,303.35800000000006,282.18999999999994,303.147058152,1.7896528798720674,559.0371822548027,55.84,0.5294117647058824,22.0,0.0,5.0,2.0,1.0,5.0,0.0,5.0,3.0,2.0,3.0,1.8676999999999997,80.34150000000005,0.0,0.0,0.0,0.0,0.0,0.0,0.0,0.0,0.0,0.0,2.0,2.0,0.0,1.0,0.0,0.0,0.0,0.0,0.0,0.0,0.0,0.0,0.0,0.0,0.0,1.0,2.0,2.0,2.0,0.0,0.0,0.0,0.0,0.0,0.0,0.0,0.0,1.0,0.0,0.0,0.0,0.0,0.0,0.0,1.0,0.0,0.0,0.0,0.0,0.0,0.0,0.0,0.0,0.0,0.0,0.0
ERGOCALCIFEROL,0,0.6,negative_expanded,CC(C)C(C)C=CC(C)C1CCC2C1(CCCC2=CC=C3CC(CCC3=C)O)C,396.65900000000016,352.30700000000013,396.33921602799995,1.7486149113663456,678.4273908657838,20.23,0.7142857142857143,29.0,1.0,1.0,3.0,0.0,1.0,1.0,1.0,5.0,3.0,3.0,7.641000000000009,125.6418000000001,0.0,1.0,1.0,0.0,0.0,0.0,0.0,0.0,0.0,0.0,0.0,0.0,0.0,0.0,0.0,0.0,0.0,0.0,0.0,0.0,6.0,0.0,0.0,0.0,0.0,0.0,1.0,0.0,0.0,0.0,0.0,0.0,0.0,0.0,0.0,0.0,0.0,0.0,0.0,0.0,0.0,0.0,0.0,0.0,0.0,0.0,0.0,0.0,0.0,0.0,0.0,0.0,0.0,0.0,0.0,0.0
FENFLURAMINE,0,0.6,negative_expanded,CCNC(C)CC1=CC(=CC=C1)C(F)(F)F,231.26099999999997,215.13299999999992,231.123484172,2.7505823470987134,333.28091213536607,12.03,0.5,16.0,1.0,1.0,0.0,1.0,1.0,1.0,4.0,4.0,0.0,1.0,3.2459000000000024,58.286700000000025,0.0,0.0,0.0,0.0,0.0,0.0,0.0,0.0,0.0,0.0,0.0,0.0,0.0,0.0,1.0,0.0,1.0,0.0,0.0,3.0,0.0,0.0,0.0,0.0,0.0,1.0,0.0,0.0,0.0,0.0,3.0,0.0,0.0,0.0,0.0,0.0,0.0,0.0,0.0,0.0,0.0,0.0,0.0,0.0,0.0,0.0,0.0,0.0,0.0,0.0,0.0,0.0,0.0,0.0,0.0,0.0
FLUCONAZOLE,0,0.6,negative_expanded,C1=CC(=C(C=C1F)F)C(CN2C=NC=N2)(CN3C=NC=N3)O,306.276,294.18000000000006,306.10406544399996,2.0062012637427222,707.748307396491,81.65,0.23076923076923078,22.0,1.0,7.0,0.0,3.0,5.0,1.0,9.0,5.0,0.0,3.0,0.7357999999999993,70.29880000000001,0.0,1.0,0.0,0.0,0.0,6.0,0.0,0.0,0.0,0.0,0.0,0.0,0.0,6.0,0.0,0.0,0.0,0.0,0.0,0.0,0.0,0.0,0.0,0.0,0.0,1.0,0.0,0.0,0.0,0.0,2.0,0.0,0.0,0.0,0.0,0.0,0.0,0.0,0.0,0.0,0.0,0.0,0.0,0.0,0.0,0.0,0.0,0.0,0.0,0.0,0.0,0.0,0.0,0.0,0.0,0.0
HYDROCHLOROTHIAZIDE,0,0.6,negative_expanded,C1NC2=CC(=C(C=C2S(=O)(=O)N1)S(=O)(=O)N)Cl,297.745,289.681,296.964475416,2.790493724042408,683.3155123780439,118.36,0.14285714285714285,17.0,4.0,7.0,1.0,1.0,5.0,3.0,10.0,1.0,0.0,2.0,-0.3512999999999999,61.636400000000016,0.0,0.0,0.0,0.0,0.0,0.0,0.0,0.0,0.0,0.0,0.0,0.0,0.0,0.0,2.0,1.0,0.0,0.0,0.0,0.0,0.0,0.0,0.0,1.0,0.0,1.0,1.0,0.0,0.0,0.0,1.0,0.0,0.0,0.0,0.0,0.0,0.0,0.0,0.0,0.0,0.0,0.0,0.0,0.0,0.0,0.0,0.0,0.0,0.0,0.0,2.0,0.0,0.0,0.0,0.0,0.0
ISOTRETINOIN,0,0.6,negative_expanded,CC1=C(C(CCC1)(C)C)C=CC(=CC=CC(=CC(=O)O)C)C,300.44200000000006,272.21799999999996,300.208930136,2.7915849583616437,566.514664398947,37.3,0.45,22.0,1.0,2.0,1.0,0.0,1.0,1.0,2.0,5.0,0.0,1.0,5.602600000000005,93.76180000000005,1.0,0.0,0.0,0.0,0.0,0.0,0.0,0.0,1.0,1.0,1.0,0.0,0.0,0.0,0.0,0.0,0.0,0.0,0.0,0.0,9.0,0.0,0.0,0.0,0.0,0.0,0.0,0.0,0.0,0.0,0.0,0.0,0.0,0.0,0.0,0.0,0.0,0.0,0.0,0.0,0.0,0.0,0.0,0.0,0.0,0.0,0.0,0.0,0.0,0.0,0.0,0.0,0.0,0.0,0.0,0.0
LACOSAMIDE,0,0.6,negative_expanded,CC(=O)NC(COC)C(=O)NCC1=CC=CC=C1,250.298,232.15399999999997,250.131742436,2.481951907071221,392.48264694846,67.42999999999999,0.38461538461538464,18.0,2.0,5.0,0.0,1.0,3.0,2.0,5.0,6.0,0.0,1.0,0.45390000000000025,67.76940000000003,0.0,0.0,0.0,0.0,0.0,0.0,0.0,0.0,0.0,0.0,2.0,2.0,0.0,0.0,2.0,0.0,0.0,0.0,0.0,0.0,0.0,2.0,0.0,0.0,0.0,1.0,0.0,0.0,1.0,0.0,0.0,0.0,0.0,0.0,0.0,0.0,0.0,1.0,0.0,0.0,0.0,0.0,0.0,0.0,0.0,0.0,0.0,0.0,0.0,0.0,0.0,0.0,0.0,0.0,0.0,0.0
LETROZOLE,0,0.6,negative_expanded,C1=CC(=CC=C1C#N)C(C2=CC=C(C=C2)C#N)N3C=NC=N3,285.31,274.222,285.10144535200004,2.0705579702617833,776.560109916363,78.29,0.058823529411764705,22.0,0.0,5.0,0.0,3.0,4.0,0.0,5.0,3.0,0.0,3.0,2.659160000000001,79.57700000000003,0.0,0.0,0.0,0.0,0.0,3.0,0.0,0.0,0.0,0.0,0.0,0.0,0.0,5.0,0.0,0.0,0.0,0.0,0.0,0.0,0.0,0.0,0.0,0.0,0.0,2.0,0.0,0.0,0.0,0.0,0.0,0.0,0.0,0.0,0.0,0.0,0.0,0.0,0.0,0.0,0.0,0.0,0.0,0.0,0.0,0.0,0.0,0.0,0.0,0.0,0.0,0.0,0.0,0.0,0.0,0.0
LEVONORGESTREL,0,0.6,negative_expanded,CCC12CCC3C(C1CCC2(C#C)O)CCC4=CC(=O)CCC34,312.45300000000003,284.229,312.208930136,1.6711962826978062,597.4530522903294,37.3,0.7619047619047619,23.0,1.0,2.0,4.0,0.0,2.0,1.0,2.0,1.0,3.0,4.0,3.8826000000000036,90.49280000000005,0.0,1.0,0.0,0.0,0.0,0.0,0.0,0.0,0.0,0.0,1.0,1.0,0.0,0.0,0.0,0.0,0.0,0.0,0.0,0.0,1.0,0.0,0.0,0.0,0.0,0.0,5.0,0.0,0.0,0.0,0.0,0.0,0.0,1.0,0.0,0.0,0.0,0.0,0.0,0.0,0.0,0.0,0.0,0.0,0.0,0.0,0.0,0.0,0.0,0.0,0.0,0.0,0.0,0.0,0.0,0.0
LISDEXAMFETAMINE,0,0.6,negative_expanded,CC(CC1=CC=CC=C1)NC(=O)C(CCCCN)N.CS(=O)(=O)O.CS(=O)(=O)O,455.5990000000001,422.33500000000015,455.1759923959998,0.0,723.4760748329081,189.87999999999997,0.5882352941176471,29.0,7.0,10.0,0.0,1.0,7.0,5.0,12.0,8.0,0.0,1.0,0.19810000000000472,113.57670000000007,0.0,0.0,0.0,0.0,0.0,0.0,0.0,0.0,0.0,0.0,1.0,1.0,0.0,0.0,1.0,2.0,0.0,0.0,0.0,0.0,0.0,1.0,0.0,0.0,0.0,1.0,0.0,0.0,0.0,0.0,0.0,0.0,0.0,0.0,0.0,0.0,0.0,0.0,0.0,0.0,0.0,0.0,0.0,0.0,0.0,0.0,0.0,0.0,0.0,0.0,0.0,0.0,0.0,0.0,1.0,0.0
LORAZEPAM,0,0.6,negative_expanded,C1=CC=C(C(=C1)C2=NC(C(=O)NC3=C2C=C(C=C3)Cl)O)Cl,321.163,311.08299999999997,320.01193292,2.26892535252096,759.0888790908208,61.69,0.06666666666666667,21.0,2.0,4.0,1.0,2.0,3.0,2.0,6.0,1.0,0.0,3.0,3.1013000000000015,83.17950000000002,0.0,1.0,1.0,0.0,0.0,0.0,0.0,0.0,0.0,0.0,1.0,1.0,1.0,1.0,1.0,0.0,0.0,0.0,0.0,0.0,0.0,1.0,0.0,1.0,0.0,2.0,1.0,0.0,0.0,0.0,2.0,0.0,0.0,0.0,0.0,0.0,0.0,0.0,0.0,0.0,0.0,0.0,0.0,0.0,0.0,0.0,0.0,0.0,0.0,0.0,0.0,0.0,0.0,0.0,0.0,0.0
MACITENTAN,0,0.6,negative_expanded,CCCNS(=O)(=O)NC1=C(C(=NC=N1)OCCOC2=NC=C(C=N2)Br)C3=CC=C(C=C3)Br,588.2820000000002,568.1220000000003,585.96334832,1.8069041471940066,1131.559789599366,128.22000000000003,0.2631578947368421,32.0,2.0,10.0,0.0,3.0,8.0,2.0,13.0,11.0,0.0,3.0,3.572700000000002,126.7262,0.0,0.0,0.0,0.0,0.0,4.0,0.0,0.0,0.0,0.0,0.0,0.0,0.0,4.0,2.0,0.0,0.0,0.0,0.0,0.0,0.0,0.0,0.0,1.0,0.0,1.0,0.0,0.0,2.0,0.0,2.0,0.0,0.0,0.0,0.0,0.0,0.0,0.0,0.0,0.0,0.0,0.0,0.0,0.0,0.0,0.0,0.0,0.0,0.0,0.0,0.0,0.0,0.0,0.0,0.0,0.0
MESALAMINE,0,0.6,negative_expanded,C1=CC(=C(C=C1N)C(=O)O)O,153.137,146.081,153.042593084,3.2322088703054916,295.7372022742226,83.55000000000001,0.0,11.0,4.0,4.0,0.0,1.0,3.0,3.0,4.0,1.0,0.0,1.0,0.6725999999999999,39.478500000000004,0.0,0.0,0.0,1.0,1.0,0.0,0.0,1.0,1.0,1.0,1.0,0.0,0.0,0.0,0.0,1.0,0.0,0.0,0.0,0.0,0.0,0.0,0.0,1.0,0.0,1.0,0.0,0.0,0.0,0.0,0.0,0.0,0.0,0.0,0.0,0.0,0.0,0.0,0.0,0.0,0.0,0.0,1.0,0.0,0.0,0.0,0.0,0.0,0.0,0.0,0.0,0.0,0.0,0.0,0.0,0.0
METHAMPHETAMINE,0,0.6,negative_expanded,CC(CC1=CC=CC=C1)NC,149.23699999999997,134.117,149.12044948,2.508120077819107,193.2875676035994,12.03,0.4,11.0,1.0,1.0,0.0,1.0,1.0,1.0,1.0,3.0,0.0,1.0,1.837,48.66770000000003,0.0,0.0,0.0,0.0,0.0,0.0,0.0,0.0,0.0,0.0,0.0,0.0,0.0,0.0,1.0,0.0,1.0,0.0,0.0,0.0,0.0,0.0,0.0,0.0,0.0,1.0,0.0,0.0,0.0,0.0,0.0,0.0,0.0,0.0,0.0,0.0,0.0,0.0,0.0,0.0,0.0,0.0,0.0,0.0,0.0,0.0,0.0,0.0,0.0,0.0,0.0,0.0,0.0,0.0,0.0,0.0
MIRTAZAPINE,0,0.6,negative_expanded,CN1CCN2C(C1)C3=CC=CC=C3CC4=C2N=CC=C4,265.35999999999996,246.20799999999994,265.157897608,1.90176612455508,637.6371725464028,19.37,0.35294117647058826,20.0,0.0,3.0,2.0,2.0,3.0,0.0,3.0,0.0,1.0,4.0,2.4789000000000003,81.06900000000005,0.0,0.0,0.0,0.0,0.0,1.0,0.0,0.0,0.0,0.0,0.0,0.0,0.0,3.0,0.0,0.0,1.0,0.0,0.0,0.0,0.0,0.0,0.0,1.0,0.0,1.0,5.0,0.0,0.0,0.0,0.0,0.0,0.0,0.0,0.0,0.0,0.0,0.0,0.0,0.0,0.0,0.0,0.0,0.0,0.0,1.0,0.0,1.0,0.0,0.0,0.0,0.0,0.0,0.0,0.0,0.0
NINTEDANIB,0,0.6,negative_expanded,CN1CCN(CC1)CC(=O)N(C)C2=CC=C(C=C2)N=C(C3=CC=CC=C3)C4=C(NC5=C4C=CC(=C5)C(=O)OC)O,539.6360000000003,506.3720000000004,539.253254536,1.4438553491218142,1537.5053331667784,101.47,0.25806451612903225,40.0,2.0,9.0,1.0,4.0,7.0,2.0,9.0,7.0,1.0,5.0,4.039400000000003,156.83299999999969,0.0,0.0,0.0,0.0,0.0,1.0,1.0,1.0,0.0,0.0,2.0,2.0,1.0,4.0,1.0,0.0,2.0,0.0,1.0,0.0,0.0,1.0,0.0,1.0,0.0,3.0,1.0,1.0,1.0,0.0,0.0,0.0,0.0,0.0,0.0,0.0,0.0,1.0,0.0,0.0,0.0,0.0,0.0,0.0,0.0,1.0,0.0,0.0,0.0,0.0,0.0,0.0,0.0,0.0,0.0,0.0
OSIMERTINIB,0,0.6,negative_expanded,CN1C=C(C2=CC=CC=C21)C3=NC(=NC=C3)NC4=C(C=C(C(=C4)NC(=O)C=C)N(C)CCN(C)C)OC,499.6190000000003,466.3550000000003,499.26957329600003,1.706591888550731,1427.5756477173197,87.55,0.25,37.0,2.0,9.0,0.0,4.0,7.0,2.0,9.0,10.0,0.0,4.0,4.509800000000004,150.87239999999983,0.0,0.0,0.0,0.0,0.0,3.0,0.0,0.0,0.0,0.0,1.0,1.0,0.0,5.0,2.0,0.0,2.0,0.0,0.0,0.0,0.0,1.0,0.0,4.0,1.0,2.0,1.0,0.0,1.0,0.0,0.0,0.0,0.0,0.0,0.0,0.0,0.0,1.0,0.0,0.0,0.0,1.0,0.0,0.0,0.0,0.0,0.0,0.0,0.0,0.0,0.0,0.0,0.0,0.0,0.0,0.0
PSEUDOEPHEDRINE,0,0.6,negative_expanded,CC(C(C1=CC=CC=C1)O)NC,165.236,150.11599999999996,165.1153641,2.7110407232330616,222.5400055614587,32.26,0.4,12.0,2.0,2.0,0.0,1.0,2.0,2.0,2.0,3.0,0.0,1.0,1.3278999999999999,49.92350000000003,0.0,1.0,1.0,0.0,0.0,0.0,0.0,0.0,0.0,0.0,0.0,0.0,0.0,0.0,1.0,0.0,1.0,0.0,0.0,0.0,0.0,0.0,0.0,0.0,0.0,1.0,0.0,0.0,0.0,0.0,0.0,0.0,0.0,0.0,0.0,0.0,0.0,0.0,0.0,0.0,0.0,0.0,0.0,0.0,0.0,0.0,0.0,0.0,0.0,0.0,0.0,0.0,0.0,0.0,0.0,0.0
RIOCIGUAT,0,0.6,negative_expanded,CN(C1=C(N=C(N=C1N)C2=NN(C3=C2C=CC=N3)CC4=CC=CC=C4F)N)C(=O)OC,422.4240000000002,403.27200000000016,422.161500068,1.820762170081918,1266.4065012330454,138.07,0.15,31.0,4.0,10.0,0.0,4.0,8.0,2.0,11.0,4.0,0.0,4.0,2.4427000000000003,113.6888,0.0,0.0,0.0,2.0,0.0,5.0,0.0,0.0,0.0,0.0,1.0,1.0,0.0,6.0,0.0,2.0,0.0,0.0,0.0,0.0,0.0,1.0,0.0,3.0,0.0,1.0,1.0,0.0,1.0,0.0,1.0,0.0,0.0,0.0,0.0,0.0,0.0,1.0,0.0,0.0,0.0,0.0,0.0,0.0,0.0,0.0,0.0,1.0,0.0,0.0,0.0,0.0,0.0,0.0,0.0,0.0
RISPERIDONE,0,0.6,negative_expanded,CC1=C(C(=O)N2CCCCC2=N1)CCN3CCC(CC3)C4=NOC5=C4C=CC(=C5)F,410.49300000000017,383.27700000000016,410.211804324,1.2328492308842518,1128.1689101168888,64.16,0.5217391304347826,30.0,0.0,6.0,2.0,3.0,5.0,0.0,7.0,4.0,1.0,5.0,3.5904200000000026,112.25800000000005,0.0,0.0,0.0,0.0,0.0,3.0,0.0,0.0,0.0,0.0,0.0,0.0,0.0,4.0,0.0,0.0,0.0,1.0,0.0,0.0,0.0,0.0,0.0,0.0,2.0,1.0,2.0,0.0,0.0,0.0,1.0,0.0,0.0,0.0,0.0,0.0,0.0,0.0,0.0,0.0,0.0,0.0,0.0,0.0,1.0,0.0,0.0,0.0,0.0,0.0,0.0,0.0,0.0,0.0,0.0,0.0
SPARSENTAN,0,0.6,negative_expanded,CCCCC1=NC2(CCCC2)C(=O)N1CC3=CC(=C(C=C3)C4=CC=CC=C4S(=O)(=O)NC5=NOC(=C5C)C)COCC,592.7620000000001,552.4420000000002,592.2719413799999,1.4854810392988185,1587.8150237409563,114.10000000000001,0.46875,42.0,1.0,9.0,2.0,3.0,7.0,1.0,10.0,12.0,1.0,5.0,6.539440000000006,162.70249999999962,0.0,0.0,0.0,0.0,0.0,1.0,0.0,0.0,0.0,0.0,1.0,1.0,1.0,3.0,1.0,0.0,0.0,0.0,0.0,0.0,0.0,1.0,1.0,1.0,1.0,2.0,0.0,0.0,1.0,0.0,0.0,0.0,0.0,0.0,0.0,0.0,0.0,0.0,0.0,0.0,0.0,0.0,0.0,0.0,0.0,0.0,0.0,0.0,0.0,0.0,1.0,0.0,0.0,0.0,1.0,0.0
SPIRONOLACTONE,0,0.6,negative_expanded,CC(=O)SC1CC2=CC(=O)CCC2(C3C1C4CCC5(C4(CC3)C)CCC(=O)O5)C,416.5830000000003,384.32700000000017,416.2021305039999,1.5572210087099811,817.6983003627337,60.44,0.7916666666666666,29.0,0.0,4.0,5.0,0.0,5.0,0.0,5.0,1.0,4.0,5.0,4.852300000000005,112.21000000000006,0.0,0.0,0.0,0.0,0.0,0.0,0.0,0.0,0.0,0.0,3.0,3.0,0.0,0.0,0.0,0.0,0.0,0.0,0.0,0.0,1.0,0.0,0.0,0.0,0.0,0.0,6.0,1.0,1.0,0.0,0.0,0.0,0.0,1.0,0.0,0.0,0.0,0.0,0.0,0.0,0.0,0.0,0.0,0.0,0.0,0.0,0.0,0.0,0.0,1.0,0.0,0.0,0.0,0.0,0.0,0.0
TAFAMIDIS,0,0.6,negative_expanded,C1=CC2=C(C=C1C(=O)O)OC(=N2)C3=CC(=CC(=C3)Cl)Cl,308.12,301.06399999999996,306.980298444,2.1463012528736813,806.1471221601457,63.33,0.0,20.0,1.0,4.0,0.0,3.0,3.0,1.0,6.0,2.0,0.0,3.0,4.4998000000000005,76.42430000000002,0.0,0.0,0.0,0.0,1.0,1.0,0.0,0.0,1.0,1.0,1.0,0.0,0.0,1.0,0.0,0.0,0.0,0.0,0.0,0.0,0.0,0.0,0.0,0.0,0.0,2.0,1.0,0.0,0.0,0.0,2.0,0.0,0.0,0.0,0.0,0.0,0.0,0.0,0.0,0.0,0.0,0.0,0.0,0.0,0.0,0.0,0.0,0.0,0.0,0.0,0.0,0.0,0.0,0.0,0.0,0.0
TROFINETIDE,0,0.6,negative_expanded,CC1(CCCN1C(=O)CN)C(=O)NC(CCC(=O)O)C(=O)O,315.326,294.158,315.143035392,2.8113579109810316,480.3958856720765,150.03,0.6923076923076923,22.0,5.0,9.0,1.0,0.0,5.0,4.0,9.0,7.0,1.0,1.0,-1.2395999999999971,74.84270000000004,2.0,0.0,0.0,0.0,0.0,0.0,0.0,0.0,2.0,2.0,4.0,2.0,0.0,1.0,1.0,1.0,0.0,1.0,0.0,0.0,0.0,2.0,0.0,0.0,0.0,0.0,0.0,0.0,0.0,0.0,0.0,0.0,0.0,0.0,0.0,0.0,0.0,0.0,0.0,0.0,0.0,0.0,0.0,0.0,0.0,0.0,0.0,0.0,0.0,0.0,0.0,0.0,0.0,0.0,0.0,0.0
VENETOCLAX,0,0.6,negative_expanded,CC1(CCC(=C(C1)C2=CC=C(C=C2)Cl)CN3CCN(CC3)C4=CC(=C(C=C4)C(=O)NS(=O)(=O)C5=CC(=C(C=C5)NCC6CCOCC6)[N+](=O)[O-])OC7=CN=C8C(=C7)C=CN8)C,868.4569999999998,818.0569999999998,867.31809562,1.0032092071926544,2563.538280931457,172.03,0.37777777777777777,61.0,3.0,14.0,3.0,5.0,11.0,3.0,16.0,13.0,2.0,8.0,8.659900000000006,237.04779999999943,0.0,0.0,0.0,0.0,0.0,2.0,1.0,0.0,0.0,0.0,1.0,1.0,0.0,4.0,3.0,0.0,0.0,0.0,1.0,0.0,1.0,1.0,0.0,2.0,0.0,3.0,1.0,0.0,2.0,0.0,1.0,0.0,0.0,0.0,0.0,0.0,0.0,0.0,0.0,1.0,0.0,0.0,0.0,0.0,0.0,1.0,0.0,1.0,0.0,0.0,1.0,0.0,0.0,0.0,0.0,0.0
VENLAFAXINE,0,0.6,negative_expanded,CN(C)CC(C1=CC=C(C=C1)OC)C2(CCCCC2)O,277.40799999999996,250.19199999999992,277.204179104,2.250737578950777,407.50311001590353,32.7,0.6470588235294118,20.0,1.0,3.0,1.0,1.0,3.0,1.0,3.0,5.0,1.0,2.0,3.035600000000002,82.32380000000006,0.0,1.0,0.0,0.0,0.0,0.0,0.0,0.0,0.0,0.0,0.0,0.0,0.0,1.0,0.0,0.0,1.0,0.0,0.0,0.0,0.0,0.0,0.0,0.0,0.0,1.0,0.0,0.0,1.0,0.0,0.0,0.0,0.0,0.0,0.0,0.0,0.0,1.0,0.0,0.0,0.0,0.0,0.0,0.0,0.0,0.0,0.0,0.0,0.0,0.0,0.0,0.0,0.0,0.0,0.0,0.0
