analysis_drug_name,a_psss,b_psss,c_psss,d_psss,total_exposed_psss,ror_psss,lower_ci_psss,upper_ci_psss,se_logror_psss,a_ps,b_ps,c_ps,d_ps,total_exposed_ps,ror_ps,lower_ci_ps,upper_ci_ps,se_logror_ps,total_exposed_psss_for_broad,shock_count_psss,broad_count_psss,pubchem_cid,canonical_smiles,inchikey,in_scope,exclude_reason,n_raw_names_mapped,raw_names_mapped,expected_shock,expected_broad,positive_high_flag,positive_moderate_flag,negative_high_flag,negative_moderate_flag,negative_expanded_flag,faers_signal_class,structure_available,in_scope_bool,usable_for_model,model_label,label_weight
ACETAMINOPHEN,19.0,5308.0,524.0,394663.0,5327.0,2.695987117242014,1.7044279259003603,4.264390664976588,0.23394637115569222,8.0,2768.0,535.0,397203.0,2776.0,2.145767381556912,1.0664875413891244,4.317272801664778,0.3566972780372085,5327,19,55,1983.0,CC(=O)NC1=CC=C(C=C1)O,RZVAJINKPMORJF-UHFFFAOYSA-N,True,,1.0,ACETAMINOPHEN,7.2221220731360205,26.34811017842073,True,False,False,False,False,positive_high,True,True,True,1.0,1.0
AMOXICILLIN,23.0,735.0,520.0,399236.0,758.0,24.025190999476713,15.724994223202257,36.70651921192206,0.2162507498124964,19.0,317.0,524.0,399654.0,336.0,45.7137886194524,28.548484234372616,73.2000498796324,0.240202106965775,758,23,54,33613.0,CC1(C(N2C(S1)C(C2=O)NC(=O)C(C3=CC=C(C=C3)O)N)C(=O)O)C,LSQZJLSUYDQPKJ-NJBDSQKTSA-N,True,,1.0,AMOXICILLIN,1.0276644511802333,3.7491773071602994,True,False,False,False,False,positive_high,True,True,True,1.0,1.0
CEFTRIAXONE,7.0,444.0,536.0,399527.0,451.0,11.751584140110259,5.543189393548275,24.913406343796478,0.38337653776794434,6.0,118.0,537.0,399853.0,124.0,37.86128207556103,16.598566861169303,86.36147279429738,0.42072074021833594,451,7,31,5479530.0,CN1C(=NC(=O)C(=O)N1)SCC2=C(N3C(C(C3=O)NC(=O)C(=NOC)C4=CSC(=N4)N)SC2)C(=O)O,VAAUVRVFOQPIGI-SPQHTLEESA-N,True,,1.0,CEFTRIAXONE,0.6114467908737272,2.230711036318331,True,False,False,False,False,positive_high,True,True,True,1.0,1.0
CEFUROXIME,8.0,99.0,535.0,399872.0,107.0,60.39792315680166,29.24072029150212,124.75442072865302,0.37009818937650973,6.0,26.0,537.0,399945.0,32.0,171.87150837988827,70.45796481987414,419.25445147750975,0.45496472705576424,107,8,10,23670318.0,CON=C(C1=CC=CO1)C(=O)NC2C3N(C2=O)C(=C(CS3)COC(=O)N)C(=O)[O-].[Na+],URDOHUPGIOGTKV-JTBFTWTJSA-M,True,,2.0,CEFUROXIME | CEFUROXIME SODIUM,0.14506609007425458,0.5292374299025752,True,False,False,False,False,positive_high,True,True,True,1.0,1.0
DEXAMETHASONE,35.0,2972.0,508.0,396999.0,3007.0,9.203328838185268,6.521772555636689,12.98746023127812,0.17572400280415887,12.0,998.0,531.0,398973.0,1010.0,9.034407798648143,5.081046339305863,16.063723654884996,0.29363426732586356,3007,35,59,5743.0,CC1CC2C3CCC4=CC(=O)C=CC4(C3(C(CC2(C1(C(=O)CO)O)C)O)F)C,UREBDLICKHMUKA-CXSFZGCWSA-N,True,,2.0,DECADRON | DEXAMETHASONE,4.076763858441902,14.873055623523772,True,False,False,False,False,positive_high,True,True,True,1.0,1.0
DICLOFENAC,7.0,1989.0,536.0,397982.0,1996.0,2.613135303872793,1.238149854522739,5.51506434492009,0.3810880375766657,7.0,1225.0,536.0,398746.0,1232.0,4.2510234541577825,2.0125877076896272,8.97908714176964,0.38149921217702926,1996,7,34,3033.0,C1=CC=C(C(=C1)CC(=O)O)NC2=C(C=CC=C2Cl)Cl,DCOPUUMXTXDBNB-UHFFFAOYSA-N,True,,2.0,DICLOFENAC | VOLTAREN ARTHRITIS PAIN,2.7060926709178705,9.872503832575141,True,False,False,False,False,positive_high,True,True,True,1.0,1.0
IOPROMIDE,18.0,86.0,525.0,399885.0,104.0,159.42259136212624,95.23716334469603,266.86601893661845,0.26285114638520857,18.0,76.0,525.0,399895.0,94.0,180.40375939849625,107.16140024534147,303.7055911046227,0.26574557917975206,104,18,19,3736.0,CN(CC(CO)O)C(=O)C1=C(C(=C(C(=C1I)C(=O)NCC(CO)O)I)NC(=O)COC)I,DGAIEPBNLOQYER-UHFFFAOYSA-N,True,,1.0,ULTRAVIST,0.14099881652077081,0.5143989972884844,True,False,False,False,False,positive_high,True,True,True,1.0,1.0
LIDOCAINE,34.0,588.0,509.0,399383.0,622.0,45.37048100183099,31.765504321535815,64.802388323548,0.18187794089014295,22.0,248.0,521.0,399723.0,270.0,68.06007367964831,43.640710887200356,106.1434045208863,0.22673484744973899,622,34,66,3676.0,CCN(CC)CC(=O)NC1=C(C=CC=C1C)C,NNJVILVZKWQKPM-UHFFFAOYSA-N,True,,3.0,LIDOCAINE | LIDOCAINE HYDROCHLORIDE | XYLOCAINE,0.8432813834223023,3.076501695321512,True,False,False,False,False,positive_high,True,True,True,1.0,1.0
ONDANSETRON,32.0,791.0,511.0,399180.0,823.0,31.602494798380015,21.962163825174752,45.474466242567026,0.1856708776332869,5.0,238.0,538.0,399733.0,243.0,15.609204648402113,6.411770043310765,38.000001264844045,0.4539415363255638,823,32,44,4595.0,CC1=NC=CN1CC2CCC3=C(C2=O)C4=CC=CC=C4N3C,FELGMEQIXOGIFQ-UHFFFAOYSA-N,True,,2.0,ONDANSETRON | ONDANSETRON HYDROCHLORIDE,1.1157887115057152,4.070676680465602,True,False,False,False,False,positive_high,True,True,True,1.0,1.0
PACLITAXEL,13.0,2199.0,530.0,397772.0,2212.0,4.436867529837748,2.55517825332027,7.704274037143302,0.28154419819803883,7.0,556.0,536.0,399415.0,563.0,9.381727826693869,4.430473974472344,19.86623045780211,0.382784377047468,2212,13,50,36314.0,CC1=C2C(C(=O)C3(C(CC4C(C3C(C(C2(C)C)(CC1OC(=O)C(C(C5=CC=CC=C5)NC(=O)C6=CC=CC=C6)O)O)OC(=O)C7=CC=CC=C7)(CO4)OC(=O)C)O)C)OC(=O)C,RCINICONZNJXQF-MZXODVADSA-N,True,,1.0,PACLITAXEL,2.998936366768702,10.940870980789686,True,False,False,False,False,positive_high,True,True,True,1.0,1.0
PROPOFOL,57.0,456.0,486.0,399515.0,513.0,102.75591563786008,76.93693670637306,137.2393891749576,0.14763792977726722,21.0,128.0,522.0,399843.0,149.0,125.66904633620689,78.59238180233041,200.9445297989867,0.23947809380597518,513,57,92,4943.0,CC(C)C1=C(C(=CC=C1)C(C)C)O,OLBCVFGFOZPWHH-UHFFFAOYSA-N,True,,2.0,DIPRIVAN | PROPOFOL,0.6955037776457252,2.537371977009543,True,False,False,False,False,positive_high,True,True,True,1.0,1.0
ROCURONIUM,43.0,163.0,500.0,399808.0,206.0,210.94164417177913,149.05357191035213,298.5260713688614,0.17718150151530498,12.0,94.0,531.0,399877.0,106.0,96.13583363385023,52.40120724418943,176.37186230094264,0.30960841581913595,206,43,62,441351.0,CC(=O)OC1C(CC2C1(CCC3C2CCC4C3(CC(C(C4)O)N5CCOCC5)C)C)[N+]6(CCCC6)CC=C.[Br-],OYTJKRAYGYRUJK-FMCCZJBLSA-M,True,,2.0,ROCURONIUM | ROCURONIUM BROMIDE,0.2792861173392191,1.0189057061675748,True,False,False,False,False,positive_high,True,True,True,1.0,1.0
ALBUTEROL,10.0,969.0,533.0,399002.0,979.0,7.725455344574879,4.119611165445027,14.4874498791619,0.32079693047946617,1.0,255.0,542.0,399716.0,256.0,2.8920917444468563,0.40508208677981317,20.648147452751008,1.0028803960861419,979,10,19,2083.0,CC(C)(C)NCC(C1=CC(=C(C=C1)O)CO)O,NDAUXUAQIAJITI-UHFFFAOYSA-N,True,,1.0,VENTOLIN,1.3272869362868713,4.842275176398329,False,True,False,False,False,positive_moderate,True,True,True,1.0,0.5
APREPITANT,3.0,170.0,540.0,399801.0,173.0,13.065392156862744,4.159119342633181,41.04341764440347,0.5840120198854906,1.0,4.0,542.0,399967.0,5.0,184.48662361623616,20.586005877506206,1653.3228687410565,1.1188599191393227,173,3,4,135413536.0,CC(C1=CC(=CC(=C1)C(F)(F)F)C(F)(F)F)OC2C(N(CCO2)CC3=NNC(=O)N3)C4=CC=C(C=C4)F,ATALOFNDEOCMKK-OITMNORJSA-N,True,,1.0,APREPITANT,0.23454610825089758,0.8556829474125749,False,True,False,False,False,positive_moderate,True,True,True,1.0,0.5
AZITHROMYCIN,5.0,837.0,538.0,399134.0,842.0,4.431808592379404,1.8323472218999302,10.718998650879373,0.4506173372318802,3.0,394.0,540.0,399577.0,397.0,5.634193457416807,1.8036567531822256,17.59987639532387,0.5811417717715047,842,5,12,447043.0,CCC1C(C(C(N(CC(CC(C(C(C(C(C(=O)O1)C)OC2CC(C(C(O2)C)O)(C)OC)C)OC3C(C(CC(O3)C)N(C)C)O)(C)O)C)C)C)O)(C)O,MQTOSJVFKKJCRP-BICOPXKESA-N,True,,1.0,AZITHROMYCIN,1.141548110677779,4.164653420354845,False,True,False,False,False,positive_moderate,True,True,True,1.0,0.5
BENDAMUSTINE,5.0,296.0,538.0,399675.0,301.0,12.548823219129911,5.163840894238735,30.495316840738763,0.45303379175372743,0.0,90.0,543.0,399881.0,90.0,4.064931104413282,0.2519861276788491,65.5737085046429,1.418764304210074,301,5,7,65628.0,CN1C2=C(C=C(C=C2)N(CCCl)CCCl)N=C1CCCC(=O)O,YTKUWDBFDASYHO-UHFFFAOYSA-N,True,,1.0,BENDAMUSTINE,0.4080831131995386,1.4887894056137863,False,True,False,False,False,positive_moderate,True,True,True,1.0,0.5
BORTEZOMIB,11.0,1160.0,532.0,398811.0,1171.0,7.108700090744102,3.9020567383224662,12.950507993348685,0.30602837544275807,1.0,521.0,542.0,399450.0,522.0,1.4145731668449122,0.19852102543050043,10.079623757827974,1.0018816834781255,1171,11,12,387447.0,B(C(CC(C)C)NC(=O)C(CC1=CC=CC=C1)NC(=O)C2=NC=CN=C2)(O)O,GXJABQQUPOEUTA-RDJZCZTQSA-N,True,,2.0,BORTEZOMIB | VELCADE,1.5875924437098328,5.7919348637001455,False,True,False,False,False,positive_moderate,True,True,True,1.0,0.5
BUDESONIDE,12.0,692.0,531.0,399279.0,704.0,13.039384735965514,7.3226649655691896,23.219081453539424,0.29438777781065845,3.0,233.0,540.0,399738.0,236.0,9.531187410586552,3.0421904948990224,29.861224538057368,0.5826487212011373,704,12,20,5281004.0,CCCC1OC2CC3C4CCC5=CC(=O)C=CC5(C4C(CC3(C2(O1)C(=O)CO)C)O)C,VOVIALXJUBGFJZ-KWVAZRHASA-N,True,,1.0,BUDESONIDE,0.9544535272175254,3.482085520106663,False,True,False,False,False,positive_moderate,True,True,True,1.0,0.5
CEFAZOLIN,26.0,134.0,517.0,399837.0,160.0,150.05863333237102,97.73248476289768,230.40029619841746,0.21877148357283022,1.0,20.0,542.0,399951.0,21.0,36.89584870848709,4.942792901979725,275.4118327260543,1.0255961772337454,160,26,42,33255.0,CC1=NN=C(S1)SCC2=C(N3C(C(C3=O)NC(=O)CN4C=NN=N4)SC2)C(=O)O,MLYYVTUWGNIJIB-BXKDBHETSA-N,True,,2.0,CEFAZOLIN | CEFAZOLIN SODIUM,0.21692125618580124,0.7913830727515143,False,True,False,False,False,positive_moderate,True,True,True,1.0,0.5
CHLORHEXIDINE GLUCONATE,10.0,532.0,533.0,399439.0,542.0,14.086776509754687,7.492407705781778,26.485114028517884,0.322115468997027,0.0,12.0,543.0,399959.0,12.0,29.435841766329347,1.7405639562687212,497.8092171630649,1.442859115317949,542,10,12,9552081.0,C1=CC(=CC=C1NC(=NC(=NCCCCCCN=C(N)N=C(N)NC2=CC=C(C=C2)Cl)N)N)Cl.C(C(C(C(C(C(=O)O)O)O)O)O)O.C(C(C(C(C(C(=O)O)O)O)O)O)O,YZIYKJHYYHPJIB-UUPCJSQJSA-N,True,,1.0,CHLORHEXIDINE GLUCONATE,0.7348207553294017,2.680810158945755,False,True,False,False,False,positive_moderate,True,True,True,1.0,0.5
CYCLOPHOSPHAMIDE,13.0,3558.0,530.0,396413.0,3571.0,2.7328099313797236,1.5747690574080615,4.742441493827524,0.2812355752229519,0.0,535.0,543.0,399436.0,535.0,0.6862126635382764,0.04280947271480422,10.999617368271274,1.4155245824647156,3571,13,16,2907.0,C1CNP(=O)(OC1)N(CCCl)CCCl,CMSMOCZEIVJLDB-UHFFFAOYSA-N,True,,1.0,CYCLOPHOSPHAMIDE,4.841411286496851,17.66268095497286,False,True,False,False,False,positive_moderate,True,True,True,1.0,0.5
CYTARABINE,11.0,991.0,532.0,398980.0,1002.0,8.324507029430286,4.567278937171593,15.1725826769732,0.30626847419238173,2.0,197.0,541.0,399774.0,199.0,7.5020689266915,1.8583372547191928,30.28569654830205,0.7119881125277079,1002,11,11,6253.0,C1=CN(C(=O)N=C1N)C2C(C(C(O2)CO)O)O,UHDGCWIWMRVCDJ-CCXZUQQUSA-N,True,,1.0,CYTARABINE,1.3584693668635803,4.9560364931063585,False,True,False,False,False,positive_moderate,True,True,True,1.0,0.5
DEXAMETHASONE ACETATE,7.0,27.0,536.0,399944.0,34.0,193.44997236042013,83.88111125918633,446.1420604051532,0.4263359612864248,0.0,0.0,0.0,0.0,0.0,,,,,34,7,7,236702.0,CC1CC2C3CCC4=CC(=O)C=CC4(C3(C(CC2(C1(C(=O)COC(=O)C)O)C)O)F)C,AKUJBENLRBOFTD-RPRRAYFGSA-N,True,,1.0,DEXAMETHASONE ACETATE,0.046095766939482766,0.1681689029596968,False,True,False,False,False,positive_moderate,True,True,True,1.0,0.5
DEXCHLORPHENIRAMINE,4.0,35.0,539.0,399936.0,39.0,84.79957593426981,30.0349412520673,239.42008137395757,0.5295556784145231,0.0,0.0,0.0,0.0,0.0,,,,,39,4,4,5281070.0,CN(C)CCC(C1=CC=C(C=C1)Cl)C2=CC=CC=N2.C(=CC(=O)O)C(=O)O,DBAKFASWICGISY-DASCVMRKSA-N,True,,1.0,POLARAMINE,0.05287455619528905,0.1928996239831816,False,True,False,False,False,positive_moderate,True,True,True,1.0,0.5
DIPHENHYDRAMINE,11.0,686.0,532.0,399285.0,697.0,12.034829237817576,6.593503305790715,21.966640201154696,0.3070000335203325,0.0,111.0,543.0,399860.0,111.0,3.2991654324858395,0.20481039818550484,53.14423802374994,1.4180306897738828,697,11,26,3100.0,CN(C)CCOC(C1=CC=CC=C1)C2=CC=CC=C2,ZZVUWRFHKOJYTH-UHFFFAOYSA-N,True,,2.0,BENADRYL | DIPHENHYDRAMINE,0.9449632222593967,3.4474625106737844,False,True,False,False,False,positive_moderate,True,True,True,1.0,0.5
DOXORUBICIN,6.0,1365.0,537.0,398606.0,1371.0,3.262782654961426,1.4567428594683198,7.307913393447215,0.4114170311680841,0.0,372.0,543.0,399599.0,372.0,0.9868908330915086,0.06153250511203775,15.828276691590682,1.4158131913027816,1371,6,7,31703.0,CC1C(C(CC(O1)OC2CC(CC3=C2C(=C4C(=C3O)C(=O)C5=C(C4=O)C(=CC=C5)OC)O)(C(=O)CO)O)N)O,AOJJSUZBOXZQNB-TZSSRYMLSA-N,True,,1.0,DOXORUBICIN,1.8587440139420843,6.781163704639538,False,True,False,False,False,positive_moderate,True,True,True,1.0,0.5
DROPERIDOL,4.0,26.0,539.0,399945.0,30.0,114.15584415584415,39.705563316860804,328.2048072442173,0.5388128862368726,0.0,3.0,543.0,399968.0,3.0,105.13037192798002,5.423632055238952,2037.82170124158,1.5124670946219358,30,4,4,3168.0,C1CN(CC=C1N2C3=CC=CC=C3NC2=O)CCCC(=O)C4=CC=C(C=C4)F,RMEDXOLNCUSCGS-UHFFFAOYSA-N,True,,1.0,DROPERIDOL,0.04067273553483773,0.14838432614090893,False,True,False,False,False,positive_moderate,True,True,True,1.0,0.5
ENCORAFENIB,3.0,460.0,540.0,399511.0,463.0,4.825012077294686,1.5455651289325598,15.062931422448928,0.5808283750718918,2.0,369.0,541.0,399602.0,371.0,4.003446393059125,0.9949323653373974,16.109218656951526,0.7103245444342596,463,3,3,50922675.0,CC(C)N1C=C(C(=N1)C2=C(C(=CC(=C2)Cl)NS(=O)(=O)C)F)C3=NC(=NC=C3)NCC(C)NC(=O)OC,CMJCXYNUCSMDBY-ZDUSSCGKSA-N,True,,1.0,BRAFTOVI,0.6277158850876623,2.2900647667746945,False,True,False,False,False,positive_moderate,True,True,True,1.0,0.5
EPHEDRINE,3.0,33.0,540.0,399938.0,36.0,67.32962962962964,20.587130956723733,220.19964975170743,0.6045582816203707,1.0,4.0,542.0,399967.0,5.0,184.48662361623616,20.586005877506206,1653.3228687410565,1.1188599191393227,36,3,5,9294.0,CC(C(C1=CC=CC=C1)O)NC,KWGRBVOPPLSCSI-WPRPVWTQSA-N,True,,1.0,EPHEDRINE,0.04880728264180528,0.17806119136909074,False,True,False,False,False,positive_moderate,True,True,True,1.0,0.5
ETOPOSIDE,9.0,1439.0,534.0,398532.0,1448.0,4.667707755854175,2.4104703374899645,9.038690646883733,0.3371664374290521,0.0,363.0,543.0,399608.0,363.0,1.0113483218580472,0.06305452506510068,16.22128510315591,1.41583666448114,1448,9,12,36462.0,CC1OCC2C(O1)C(C(C(O2)OC3C4COC(=O)C4C(C5=CC6=C(C=C35)OCO6)C7=CC(=C(C(=C7)OC)O)OC)O)O,VJJPUSNTGOMMGY-MRVIYFEKSA-N,True,,1.0,ETOPOSIDE,1.9631373684815012,7.162016808401205,False,True,False,False,False,positive_moderate,True,True,True,1.0,0.5
FAMOTIDINE,11.0,238.0,532.0,399733.0,249.0,34.72754628167056,18.861386599792013,63.94028691182596,0.311436947871226,0.0,87.0,543.0,399884.0,87.0,4.2043317124457875,0.26055941687328266,67.84020842690889,1.4188978111737292,249,11,27,5702160.0,C1=C(N=C(S1)N=C(N)N)CSCCC(=NS(=O)(=O)N)N,XUFQPHANEAPEMJ-UHFFFAOYSA-N,True,,1.0,FAMOTIDINE,0.3375837049391532,1.2315899069695442,False,True,False,False,False,positive_moderate,True,True,True,1.0,0.5
FLUDARABINE,4.0,524.0,539.0,399447.0,528.0,5.657168349643813,2.1076410589295684,15.184537044683363,0.5037521096503448,0.0,81.0,543.0,399890.0,81.0,4.513920792861537,0.2795834028089691,72.878006060144,1.419194266384209,528,4,4,657237.0,C1=NC2=C(N=C(N=C2N1C3C(C(C(O3)CO)O)O)F)N,HBUBKKRHXORPQB-FJFJXFQQSA-N,True,,1.0,FLUDARABINE,0.7158401454131441,2.6115641400799974,False,True,False,False,False,positive_moderate,True,True,True,1.0,0.5
GABAPENTIN,11.0,1893.0,532.0,398078.0,1904.0,4.348090908729827,2.389277828688274,7.912807093245583,0.30548251053975395,2.0,895.0,541.0,399076.0,897.0,1.648410247937298,0.4105630965623781,6.618364797655074,0.709202547273778,1904,11,14,3446.0,C1CCC(CC1)(CC(=O)O)CN,UGJMXCAKCUNAIE-UHFFFAOYSA-N,True,,1.0,GABAPENTIN,2.581362948611035,9.41745856574302,False,True,False,False,False,positive_moderate,True,True,True,1.0,0.5
GLYCOPYRROLATE,4.0,99.0,539.0,399872.0,103.0,29.974850546279118,10.992280622854294,81.73842136123191,0.5118191071763925,0.0,11.0,543.0,399960.0,11.0,31.995560177592896,1.8830114022506315,543.6588805858489,1.4452677773993903,103,4,5,11693.0,C[N+]1(CCC(C1)OC(=O)C(C2CCCC2)(C3=CC=CC=C3)O)C.[Br-],VPNYRYCIDCJBOM-UHFFFAOYSA-M,True,,1.0,GLYCOPYRROLATE,0.13964305866960955,0.5094528530837874,False,True,False,False,False,positive_moderate,True,True,True,1.0,0.5
HYDROCORTISONE,12.0,1285.0,531.0,398686.0,1297.0,7.011558838400492,3.946323057799213,12.45766163193155,0.2932529468922803,1.0,200.0,542.0,399771.0,201.0,3.6879243542435423,0.5160068043839344,26.357764911377004,1.0034179188564725,1297,12,17,23694214.0,CC12CCC(=O)C=C1CCC3C2C(CC4(C3CCC4(C(=O)COC(=O)CCC(=O)[O-])O)C)O.[Na+],HHZQLQREDATOBM-CODXZCKSSA-M,True,,2.0,HYDROCORTISONE SODIUM SUCCINATE | SOLU-CORTEF,1.7584179329561513,6.415149033491963,False,True,False,False,False,positive_moderate,True,True,True,1.0,0.5
HYDROMORPHONE,10.0,413.0,533.0,399558.0,423.0,18.151084137028743,9.638238239458982,34.18278809509797,0.3229550787330788,0.0,26.0,543.0,399945.0,26.0,13.884345003558348,0.8450253757016504,228.12928667114727,1.4281380450783527,423,10,10,5284570.0,CN1CCC23C4C1CC5=C2C(=C(C=C5)O)OC3C(=O)CC4,WVLOADHCBXTIJK-YNHQPCIGSA-N,True,,1.0,HYDROMORPHONE,0.573485571041212,2.0922189985868163,False,True,False,False,False,positive_moderate,True,True,True,1.0,0.5
IFOSFAMIDE,8.0,428.0,535.0,399543.0,436.0,13.959053192418551,6.900513924084471,28.23777593559788,0.35945529671456017,0.0,20.0,543.0,399951.0,20.0,17.948324993829516,1.0841296924429007,297.14375718114746,1.4319996209884218,436,8,9,3690.0,C1CN(P(=O)(OC1)NCCCl)CCCl,HOMGKSMUEGBAAB-UHFFFAOYSA-N,True,,1.0,IFOSFAMIDE,0.5911104231063083,2.1565188732478764,False,True,False,False,False,positive_moderate,True,True,True,1.0,0.5
IOPAMIDOL,3.0,37.0,540.0,399934.0,40.0,60.05015015015015,18.459298576757053,195.34981343202722,0.6018427640379007,3.0,31.0,540.0,399940.0,34.0,71.67383512544802,21.846191583033956,235.15030627029168,0.6061730364148264,40,3,14,65492.0,CC(C(=O)NC1=C(C(=C(C(=C1I)C(=O)NC(CO)CO)I)C(=O)NC(CO)CO)I)O,XQZXYNRDCRIARQ-LURJTMIESA-N,True,,1.0,ISOVUE 370,0.05423031404645031,0.19784576818787858,False,True,False,False,False,positive_moderate,True,True,True,1.0,0.5
ISOSORBIDE DINITRATE,3.0,15.0,540.0,399956.0,18.0,148.13185185185185,42.760718936041265,513.1589477220896,0.6339198309935429,0.0,1.0,543.0,399970.0,1.0,245.30542778288867,9.981486085384947,6028.636656404793,1.633557190077531,18,3,3,6883.0,C1C(C2C(O1)C(CO2)O[N+](=O)[O-])O[N+](=O)[O-],MOYKHGMNXAOIAT-JGWLITMVSA-N,True,,1.0,ISOSORBIDE DINITRATE,0.02440364132090264,0.08903059568454537,False,True,False,False,False,positive_moderate,True,True,True,1.0,0.5
KETAMINE,29.0,391.0,514.0,399580.0,420.0,57.65830405923154,39.15480712556594,84.90605039441233,0.19745463098471722,0.0,39.0,543.0,399932.0,39.0,9.314510963865242,0.5717566797110633,151.7430710906778,1.423783299003431,420,29,40,3821.0,CNC1(CCCCC1=O)C2=CC=CC=C2Cl,YQEZLKZALYSWHR-UHFFFAOYSA-N,True,,2.0,KETAMINE | KETAMINE HYDROCHLORIDE,0.5694182974877282,2.0773805659727254,False,True,False,False,False,positive_moderate,True,True,True,1.0,0.5
LABETALOL,12.0,120.0,531.0,399851.0,132.0,75.3015065913371,41.34733291376869,137.1386373759785,0.30586337925557294,1.0,27.0,542.0,399944.0,28.0,27.32977996446631,3.707039184123845,201.48610138920807,1.0192568645033844,132,12,14,71412.0,CC(CCC1=CC=CC=C1)NCC(C2=CC(=C(C=C2)O)C(=O)N)O.Cl,WQVZLXWQESQGIF-UHFFFAOYSA-N,True,,1.0,TRANDATE,0.17896003635328603,0.6528910350199993,False,True,False,False,False,positive_moderate,True,True,True,1.0,0.5
LEVOLEUCOVORIN,8.0,88.0,535.0,399883.0,96.0,67.94953271028038,32.787164614431184,140.8215394603912,0.3718000752738022,0.0,2.0,543.0,399969.0,2.0,147.18288868445262,7.057506052399466,3069.4699459924545,1.5497878650297865,96,8,10,135500522.0,C1C(N(C2=C(N1)N=C(NC2=O)N)C=O)CNC3=CC=C(C=C3)C(=O)NC(CCC(=O)[O-])C(=O)[O-].[Ca+2],KVUAALJSMIVURS-QNTKWALQSA-L,True,,1.0,LEVOLEUCOVORIN CALCIUM,0.13015275371148075,0.47482984365090863,False,True,False,False,False,positive_moderate,True,True,True,1.0,0.5
MELPHALAN,4.0,418.0,539.0,399553.0,422.0,7.093643198906356,2.6403299793650974,19.05813827311481,0.5042322231512545,2.0,152.0,541.0,399819.0,154.0,9.724170639167234,2.403800274509829,39.33750054959294,0.713042689700745,422,4,4,460612.0,C1=CC(=CC=C1CC(C(=O)O)N)N(CCCl)CCCl,SGDBTWWWUNNDEQ-LBPRGKRZSA-N,True,,1.0,MELPHALAN,0.5721298131900507,2.0872728543821193,False,True,False,False,False,positive_moderate,True,True,True,1.0,0.5
METAMIZOLE,3.0,109.0,540.0,399862.0,112.0,20.38032619775739,6.452035590729627,64.3762251596671,0.5868236515126058,0.0,1.0,543.0,399970.0,1.0,245.30542778288867,9.981486085384947,6028.636656404793,1.633557190077531,112,3,5,3111.0,CC1=C(C(=O)N(N1C)C2=CC=CC=C2)N(C)CS(=O)(=O)O,LVWZTYCIRDMTEY-UHFFFAOYSA-N,True,,1.0,METAMIZOLE,0.15184487933006086,0.55396815092606,False,True,False,False,False,positive_moderate,True,True,True,1.0,0.5
METHYLPREDNISOLONE,19.0,1620.0,524.0,398351.0,1639.0,8.916064697012533,5.626720535646446,14.128338021710546,0.23486117217084646,2.0,155.0,541.0,399816.0,157.0,9.535889332776817,2.3576700198038116,38.56908922926095,0.7129533946123301,1639,19,26,6741.0,CC1CC2C3CCC(C3(CC(C2C4(C1=CC(=O)C=C4)C)O)C)(C(=O)CO)O,VHRSUDSXCMQTMA-PJHHCJLFSA-N,True,,1.0,METHYLPREDNISOLONE,2.2220871180533015,8.106730351498324,False,True,False,False,False,positive_moderate,True,True,True,1.0,0.5
MIDAZOLAM,5.0,340.0,538.0,399631.0,345.0,10.923655149792259,4.499339729866531,26.52083394358903,0.452551007996278,1.0,64.0,542.0,399907.0,65.0,11.528684271217712,1.5964609849459137,83.25324720035394,1.0086984281893026,345,5,11,4192.0,CC1=NC=C2N1C3=C(C=C(C=C3)Cl)C(=NC2)C4=CC=CC=C4F,DDLIGBOFAVUZHB-UHFFFAOYSA-N,True,,1.0,MIDAZOLAM,0.4677364586506339,1.7064197506204528,False,True,False,False,False,positive_moderate,True,True,True,1.0,0.5
MORPHINE,12.0,683.0,531.0,399288.0,695.0,13.211504578504604,7.4188538527214005,23.52706451601302,0.29442011786897554,1.0,109.0,542.0,399862.0,110.0,6.76837401401537,0.9431679486537966,48.571293012008496,1.0054958136360328,695,12,17,5288826.0,CN1CCC23C4C1CC5=C2C(=C(C=C5)O)OC3C(C=C4)O,BQJCRHHNABKAKU-KBQPJGBKSA-N,True,,1.0,MORPHINE,0.9422517065570741,3.4375702222643905,False,True,False,False,False,positive_moderate,True,True,True,1.0,0.5
NAPROXEN,12.0,1032.0,531.0,398939.0,1044.0,8.736018044059037,4.913770189969229,15.531457173540096,0.293578049931626,2.0,158.0,541.0,399813.0,160.0,9.354757949413884,2.313276284851188,37.83010998954316,0.7128674799209438,1044,12,24,156391.0,CC(C1=CC2=C(C=C1)C=C(C=C2)OC)C(=O)O,CMWTZPSULFXXJA-VIFPVBQESA-N,True,,1.0,NAPROSYN,1.415411196612353,5.163774549703631,False,True,False,False,False,positive_moderate,True,True,True,1.0,0.5
NEMTABRUTINIB,4.0,0.0,539.0,399971.0,4.0,6672.369786839667,358.7819934954435,124087.94025192973,1.491334399294467,0.0,0.0,0.0,0.0,0.0,,,,,4,4,4,129045720.0,C1CC(OCC1NC2=NC=NC3=C2C(=CN3)C(=O)C4=C(C=C(C=C4)OC5=CC=CC=C5)Cl)CO,JSFCZQSJQXFJDS-QAPCUYQASA-N,True,,1.0,NEMTABRUTINIB,0.005423031404645031,0.01978457681878786,False,True,False,False,False,positive_moderate,True,True,True,1.0,0.5
REMIFENTANIL,10.0,39.0,533.0,399932.0,49.0,192.39524702939337,95.54886446822071,387.40315005849914,0.3570990040226629,2.0,9.0,541.0,399962.0,11.0,164.2891764222633,35.413994137192105,762.1544574990328,0.7829189231230291,49,10,13,60815.0,CCC(=O)N(C1=CC=CC=C1)C2(CCN(CC2)CCC(=O)OC)C(=O)OC,ZTVQQQVZCWLTDF-UHFFFAOYSA-N,True,,2.0,REMIFENTANIL | ULTIVA,0.06643213470690162,0.24236106603015126,False,True,False,False,False,positive_moderate,True,True,True,1.0,0.5
SEVOFLURANE,3.0,114.0,540.0,399857.0,117.0,19.486208576998052,6.173122473970874,61.510576909390515,0.586480703777896,2.0,68.0,541.0,399903.0,70.0,21.740948135261497,5.3148697806978715,88.93328441210961,0.7187188684004533,117,3,5,5206.0,C(OC(C(F)(F)F)C(F)(F)F)F,DFEYYRMXOJXZRJ-UHFFFAOYSA-N,True,,1.0,SEVOFLURANE,0.15862366858586716,0.5786988719495448,False,True,False,False,False,positive_moderate,True,True,True,1.0,0.5
SUCCINYLCHOLINE,5.0,40.0,538.0,399931.0,45.0,92.92077137546468,36.532422080270734,236.34539571561274,0.4762995239246035,0.0,22.0,543.0,399949.0,22.0,16.35283655320454,0.9906946549027411,269.9270274775788,1.430484837795582,45,5,9,22475.0,C[N+](C)(C)CCOC(=O)CCC(=O)OCC[N+](C)(C)C.[Cl-].[Cl-],YOEWQQVKRJEPAE-UHFFFAOYSA-L,True,,1.0,SUCCINYLCHOLINE CHLORIDE,0.0610091033022566,0.22257648921136342,False,True,False,False,False,positive_moderate,True,True,True,1.0,0.5
SUFENTANIL,43.0,88.0,500.0,399883.0,131.0,390.79475,268.5668822883653,568.6499218603717,0.1913686260821995,0.0,0.0,0.0,0.0,0.0,,,,,131,43,46,41693.0,CCC(=O)N(C1=CC=CC=C1)C2(CCN(CC2)CCC3=CC=CS3)COC,GGCSSNBKKAUURC-UHFFFAOYSA-N,True,,2.0,SUFENTANIL | SUFENTANIL CITRATE,0.17760427850212476,0.6479448908153024,False,True,False,False,False,positive_moderate,True,True,True,1.0,0.5
TECFIDERA,3.0,405.0,540.0,399566.0,408.0,5.481015089163237,1.7548242337292497,17.11939340146483,0.5810824586090175,3.0,361.0,540.0,399610.0,364.0,6.14973838104032,1.9679265700365378,19.217831971514183,0.5813413547370917,408,3,5,637568.0,COC(=O)C=CC(=O)OC,LDCRTTXIJACKKU-ONEGZZNKSA-N,True,,1.0,TECFIDERA,0.5531492032737931,2.0180268355163617,False,True,False,False,False,positive_moderate,True,True,True,1.0,0.5
TRANEXAMIC ACID,13.0,131.0,530.0,399840.0,144.0,74.86562004897019,42.07364692286607,133.21547988440852,0.29401693516286914,2.0,82.0,541.0,399889.0,84.0,18.02844777061449,4.422431445161646,73.49462236963959,0.7169700492214803,144,13,15,5526.0,C1CC(CCC1CN)C(=O)O,GYDJEQRTZSCIOI-UHFFFAOYSA-N,True,,1.0,TRANEXAMIC ACID,0.19522913056722113,0.712244765476363,False,True,False,False,False,positive_moderate,True,True,True,1.0,0.5
TREOSULFAN,3.0,65.0,540.0,399906.0,68.0,34.18,10.709609357247986,109.08636916895043,0.5920914635066432,0.0,0.0,0.0,0.0,0.0,,,,,68,3,3,9882105.0,CS(=O)(=O)OCC(C(COS(=O)(=O)C)O)O,YCPOZVAOBBQLRI-WDSKDSINSA-N,True,,1.0,TREOSULFAN,0.09219153387896553,0.3363378059193936,False,True,False,False,False,positive_moderate,True,True,True,1.0,0.5
VINBLASTINE,3.0,70.0,540.0,399901.0,73.0,31.738174603174603,9.962631139823907,101.10900554322862,0.5911627526238461,0.0,1.0,543.0,399970.0,1.0,245.30542778288867,9.981486085384947,6028.636656404793,1.633557190077531,73,3,3,13342.0,CCC1(CC2CC(C3=C(CCN(C2)C1)C4=CC=CC=C4N3)(C5=C(C=C6C(=C5)C78CCN9C7C(C=CC9)(C(C(C8N6C)(C(=O)OC)O)OC(=O)C)CC)OC)C(=O)OC)O,JXLYSJRDGCGARV-CFWMRBGOSA-N,True,,1.0,VINBLASTINE,0.09897032313477182,0.36106852694287844,False,True,False,False,False,positive_moderate,True,True,True,1.0,0.5
VINCRISTINE,6.0,1012.0,537.0,398959.0,1018.0,4.404785037648773,1.965419305269239,9.87175162871245,0.4117274740350796,1.0,50.0,542.0,399921.0,51.0,14.757232472324723,2.0348831820259234,107.02133280467639,1.0108647382038964,1018,6,7,5978.0,CCC1(CC2CC(C3=C(CCN(C2)C1)C4=CC=CC=C4N3)(C5=C(C=C6C(=C5)C78CCN9C7C(C=CC9)(C(C(C8N6C=O)(C(=O)OC)O)OC(=O)C)CC)OC)C(=O)OC)O,OGWKCGZFUXNPDA-XQKSVPLYSA-N,True,,1.0,VINCRISTINE,1.3801614924821604,5.03517480038151,False,True,False,False,False,positive_moderate,True,True,True,1.0,0.5
ZOLEDRONIC ACID,3.0,554.0,540.0,399417.0,557.0,4.005385078219013,1.2838182363925124,12.496402660473295,0.580510760439355,3.0,431.0,540.0,399540.0,434.0,5.150038669760248,1.6492717676164406,16.081581471777273,0.5809542784749454,557,3,3,68740.0,C1=CN(C=N1)CC(O)(P(=O)(O)O)P(=O)(O)O,XRASPMIURGNCCH-UHFFFAOYSA-N,True,,1.0,ZOLEDRONIC ACID,0.7551571230968206,2.7550023220162094,False,True,False,False,False,positive_moderate,True,True,True,1.0,0.5
CABOZANTINIB,0.0,5017.0,543.0,394954.0,5017.0,0.07241526781380164,0.004522857883695721,1.1594374944763157,1.414935249678098,0.0,4702.0,543.0,395269.0,4702.0,0.07732767563300658,0.004829628674913501,1.2381012747135414,1.4149399666299047,5017,0,0,25102847.0,COC1=CC2=C(C=CN=C2C=C1OC)OC3=CC=C(C=C3)NC(=O)C4(CC4)C(=O)NC5=CC=C(C=C5)F,ONIQOQHATWINJY-UHFFFAOYSA-N,True,,1.0,CABOMETYX,6.801837139276031,24.814805474964672,False,False,True,False,False,negative_high,True,True,True,0.0,1.0
CLOZAPINE,0.0,3041.0,543.0,396930.0,3041.0,0.12005965922796591,0.007497922777014576,1.9224420152903474,1.4149810001814813,0.0,2631.0,543.0,397340.0,2631.0,0.13890884987819183,0.008674777912953808,2.2243415068492234,1.414999100542617,3041,0,0,135398737.0,CN1CCN(CC1)C2=NC3=C(C=CC(=C3)Cl)NC4=CC=CC=C42,QZUDBNBUXVUHMW-UHFFFAOYSA-N,True,,2.0,CLOZAPINE | CLOZARIL,4.122859625381385,15.04122452648347,False,False,True,False,False,negative_high,True,True,True,0.0,1.0
PALBOCICLIB,0.0,2831.0,543.0,397140.0,2831.0,0.1290321899396671,0.00805813596398815,2.066148562773347,1.4149896162521973,0.0,2518.0,543.0,397453.0,2518.0,0.1451826858432512,0.009066468307167286,2.324831627326976,1.4150051251368816,2831,0,0,5330286.0,CC1=C(C(=O)N(C2=NC(=NC=C12)NC3=NC=C(C=C3)N4CCNCC4)C5CCCC5)C(=O)C,AHJRHEGDXFFMBM-UHFFFAOYSA-N,True,,1.0,IBRANCE,3.8381504766375207,14.002534243497108,False,False,True,False,False,negative_high,True,True,True,0.0,1.0
PIMAVANSERIN,0.0,3042.0,543.0,396929.0,3042.0,0.12001989599955853,0.007495440059091566,1.9218051671659535,1.4149809619980032,0.0,3034.0,543.0,396937.0,3034.0,0.12033873563495423,0.007515347609188115,1.9269117075189865,1.4149812681704956,3042,0,0,10071196.0,CC(C)COC1=CC=C(C=C1)CNC(=O)N(CC2=CC=C(C=C2)F)C3CCN(CC3)C,RKEWSXXUOLRFBX-UHFFFAOYSA-N,True,,1.0,NUPLAZID,4.1242153832325466,15.046170670688166,False,False,True,False,False,negative_high,True,True,True,0.0,1.0
POMALIDOMIDE,0.0,2550.0,543.0,397421.0,2550.0,0.14334960026417606,0.008952025402505327,2.2954702396340565,1.415003364874955,0.0,2294.0,543.0,397677.0,2294.0,0.15944592113896616,0.009956921343496817,2.553299447771372,1.4150188217129034,2550,0,0,134780.0,C1CC(=O)NC(=O)C1N2C(=O)C3=C(C2=O)C(=CC=C3)N,UVSMNLNDYGZFPF-UHFFFAOYSA-N,True,,1.0,POMALYST,3.4571825204612074,12.61266772197726,False,False,True,False,False,negative_high,True,True,True,0.0,1.0
RELUGOLIX,0.0,3564.0,543.0,396407.0,3564.0,0.10230896697643106,0.0063895763768152996,1.6381562886961691,1.4149639547760255,0.0,3494.0,543.0,396477.0,3494.0,0.10437679502406397,0.0065186945767956705,1.6712725548265803,1.4149659404332398,3564,0,0,10348973.0,CN(C)CC1=C(SC2=C1C(=O)N(C(=O)N2CC3=C(C=CC=C3F)F)C4=NN=C(C=C4)OC)C5=CC=C(C=C5)NC(=O)NOC,AOMXMOCNKJTRQP-UHFFFAOYSA-N,True,,1.0,ORGOVYX,4.8319209815387225,17.628057945539982,False,False,True,False,False,negative_high,True,True,True,0.0,1.0
ABEMACICLIB,0.0,1058.0,543.0,398913.0,1058.0,0.3467035810773521,0.02164297375989084,5.553921307922258,1.4151986314030127,0.0,902.0,543.0,399069.0,902.0,0.40679141809396874,0.025391086082767612,6.517218574088855,1.4152563250072852,1058,0,0,46220502.0,CCN1CCN(CC1)CC2=CN=C(C=C2)NC3=NC=C(C(=N3)C4=CC5=C(C(=C4)F)N=C(N5C(C)C)C)F,UZWDCWONPYILKI-UHFFFAOYSA-N,True,,1.0,VERZENIO,1.4343918065286108,5.233020568569389,False,False,False,True,False,negative_moderate,True,True,True,0.0,0.8
ALPRAZOLAM,0.0,1030.0,543.0,398941.0,1030.0,0.3561489563707117,0.022232206192840064,5.705330277334192,1.4152077005702202,0.0,409.0,543.0,399562.0,409.0,0.8976380871505066,0.05597700674336695,14.39437694832976,1.415727527309657,1030,0,0,2118.0,CC1=NN=C2N1C3=C(C=C(C=C3)Cl)C(=NC2)C4=CC=CC=C4,VREFGVBLTWBCJP-UHFFFAOYSA-N,True,,1.0,ALPRAZOLAM,1.3964305866960955,5.094528530837874,False,False,False,True,False,negative_moderate,True,True,True,0.0,0.8
APREMILAST,0.0,1688.0,543.0,398283.0,1688.0,0.2170009853440627,0.013549595288064549,3.4753383137409166,1.4150740895132987,0.0,869.0,543.0,399102.0,869.0,0.4222652255496899,0.02635616192192593,6.7653219477375615,1.415271181887557,1688,0,0,11561674.0,CCOC1=C(C=CC(=C1)C(CS(=O)(=O)C)N2C(=O)C3=C(C2=O)C(=CC=C3)NC(=O)C)OC,IMOZEMNVLZVGJZ-QGZVFWFLSA-N,True,,2.0,APREMILAST | OTEZLA,2.288519252760203,8.349091417528477,False,False,False,True,False,negative_moderate,True,True,True,0.0,0.8
AZATHIOPRINE,0.0,1034.0,543.0,398937.0,1034.0,0.3547683128924239,0.022146078586386158,5.683198284589621,1.4152063749210144,0.0,122.0,543.0,399849.0,122.0,3.002831233689428,0.18651792441933293,48.34385459784875,1.4177466955172373,1034,0,0,2265.0,CN1C=NC(=C1SC2=NC=NC3=C2NC=N3)[N+](=O)[O-],LMEKQMALGUDUQG-UHFFFAOYSA-N,True,,1.0,AZATHIOPRINE,1.4018536181007406,5.1143131076566615,False,False,False,True,False,negative_moderate,True,True,True,0.0,0.8
IBRUTINIB,0.0,1222.0,543.0,398749.0,1222.0,0.300069420536062,0.018733479975374136,4.806456529123855,1.4151538538805946,0.0,1074.0,543.0,398897.0,1074.0,0.3415272416557968,0.021320048420792888,5.470947086558219,1.4151936612133311,1222,0,0,24821094.0,C=CC(=O)N1CCCC(C1)N2C3=NC=NC(=C3C(=N2)C4=CC=C(C=C4)OC5=CC=CC=C5)N,XYFPWWZEPKGCCK-GOSISDBHSA-N,True,,1.0,IMBRUVICA,1.656736094119057,6.04418821813969,False,False,False,True,False,negative_moderate,True,True,True,0.0,0.8
OLANZAPINE,0.0,1373.0,543.0,398598.0,1373.0,0.2669792152616771,0.016668680384050408,4.276157424551972,1.4151220803080136,0.0,650.0,543.0,399321.0,650.0,0.5647364881730634,0.03523921823358373,9.050351201324325,1.4154079658059424,1373,0,0,135398745.0,CC1=CC2=C(S1)NC3=CC=CC=C3N=C2N4CCN(CC4)C,KVWDHTXUZHCGIO-UHFFFAOYSA-N,True,,1.0,OLANZAPINE,1.8614555296444069,6.791055993048932,False,False,False,True,False,negative_moderate,True,True,True,0.0,0.8
QUETIAPINE,0.0,1337.0,543.0,398634.0,1337.0,0.27418995950442354,0.017118646376876066,4.391710199387672,1.4151290041964213,0.0,480.0,543.0,399491.0,480.0,0.7648646811671758,0.04770912923248806,12.262181052312965,1.4156000830170108,1337,0,0,5002.0,C1CN(CCN1CCOCCO)C2=NC3=CC=CC=C3SC4=CC=CC=C42,URKOMYMAXPYINW-UHFFFAOYSA-N,True,,1.0,QUETIAPINE,1.8126482470026015,6.612994801679842,False,False,False,True,False,negative_moderate,True,True,True,0.0,0.8
TREPROSTINIL,0.0,1972.0,543.0,397999.0,1972.0,0.1856247879362392,0.011591142220898845,2.9726631974412796,1.4150439603835956,0.0,1522.0,543.0,398449.0,1522.0,0.24076116758285335,0.015032514709002902,3.856037458665731,1.4150969050143514,1972,0,0,6918140.0,CCCCCC(CCC1C(CC2C1CC3=C(C2)C(=CC=C3)OCC(=O)O)O)O,PAJMKGZZBBTTOY-ZFORQUDYSA-N,True,,2.0,REMODULIN | TYVASO,2.67355448249,9.753796371662414,False,False,False,True,False,negative_moderate,True,True,True,0.0,0.8
ADAPALENE,0.0,714.0,543.0,399257.0,714.0,0.5140688704152324,0.03208064773182442,8.237576926099186,1.4153593222846845,0.0,710.0,543.0,399261.0,710.0,0.5169681741935108,0.03226140378925417,8.284081339882409,1.4153621058099035,714,0,0,60164.0,COC1=C(C=C(C=C1)C2=CC3=C(C=C2)C=C(C=C3)C(=O)O)C45CC6CC(C4)CC(C6)C5,LZCDAPDGXCYOEH-UHFFFAOYSA-N,True,,1.0,ADAPALENE,0.9680111057291381,3.531546962153633,False,False,False,False,True,negative_expanded,True,True,True,0.0,0.6
AMBRISENTAN,0.0,717.0,543.0,399254.0,717.0,0.5119156069994134,0.03194640201730552,8.203039220116867,1.4153572550045503,0.0,605.0,543.0,399366.0,605.0,0.6067753656492881,0.03785942410069143,9.724826858951168,1.4154483240414282,717,0,0,6918493.0,CC1=CC(=NC(=N1)OC(C(=O)O)C(C2=CC=CC=C2)(C3=CC=CC=C3)OC)C,OUJTZYPIHDYQMC-LJQANCHMSA-N,True,,1.0,AMBRISENTAN,0.9720783792826219,3.5463853947677237,False,False,False,False,True,negative_expanded,True,True,True,0.0,0.6
ARIPIPRAZOLE,0.0,890.0,543.0,399081.0,890.0,0.4122855636027226,0.02573375330970893,6.605308751875076,1.4152616001232408,0.0,555.0,543.0,399416.0,555.0,0.6614734150507967,0.041268032133801286,10.602567076625476,1.4155008336532862,890,0,0,60795.0,C1CC(=O)NC2=C1C=CC(=C2)OCCCCN3CCN(CC3)C4=C(C(=CC=C4)Cl)Cl,CEUORZQYGODEFX-UHFFFAOYSA-N,True,,1.0,ARIPIPRAZOLE,1.2066244875335195,4.402068342180298,False,False,False,False,True,negative_expanded,True,True,True,0.0,0.6
AZACITIDINE,0.0,649.0,543.0,399322.0,649.0,0.5656073987987362,0.035293504696597595,9.064323090778602,1.4154088019105824,0.0,274.0,543.0,399697.0,274.0,1.339551882405578,0.08346548911712799,21.49869682232652,1.4161516216650476,649,0,0,9444.0,C1=NC(=NC(=O)N1C2C(C(C(O2)CO)O)O)N,NMUSYJAQQFHJEW-KVTDHHQDSA-N,True,,1.0,AZACITIDINE,0.8798868454036562,3.21004758884833,False,False,False,False,True,negative_expanded,True,True,True,0.0,0.6
CANDESARTAN,0.0,927.0,543.0,399044.0,927.0,0.3958018929916658,0.024705653392416586,6.341023894711995,1.4152457735337074,0.0,47.0,543.0,399924.0,47.0,7.745596281411902,0.4768494572521724,125.81384091393677,1.4222851537064765,927,0,0,2541.0,CCOC1=NC2=CC=CC(=C2N1CC3=CC=C(C=C3)C4=CC=CC=C4C5=NNN=N5)C(=O)O,HTQMVQVXFRQIKW-UHFFFAOYSA-N,True,,1.0,CANDESARTAN,1.256787528026486,4.585075677754086,False,False,False,False,True,negative_expanded,True,True,True,0.0,0.6
CHOLECALCIFEROL,0.0,763.0,543.0,399208.0,763.0,0.4810178516238525,0.030019954338499313,7.707479197731287,1.4153275907204146,0.0,0.0,0.0,0.0,0.0,,,,,763,0,0,5280795.0,CC(C)CCCC(C)C1CCC2C1(CCCC2=CC=C3CC(CCC3=C)O)C,QYSXJUFSXHHAJI-YRZJJWOYSA-N,True,,1.0,CHOLECALCIFEROL,1.0344432404360397,3.7739080281837842,False,False,False,False,True,negative_expanded,True,True,True,0.0,0.6
CLOPIDOGREL,0.0,542.0,543.0,399429.0,542.0,0.6773464360964732,0.04225705680550086,10.857315420814375,1.415516071242574,0.0,345.0,543.0,399626.0,345.0,1.0640858880840136,0.06633597259524843,17.068850171658564,1.415887278262394,542,0,0,60606.0,COC(=O)C(C1=CC=CC=C1Cl)N2CCC3=C(C2)C=CS3,GKTWGGQPFAXNFI-HNNXBMFYSA-N,True,,1.0,CLOPIDOGREL,0.7348207553294017,2.680810158945755,False,False,False,False,True,negative_expanded,True,True,True,0.0,0.6
COCAINE,0.0,613.0,543.0,399358.0,613.0,0.5988510581826115,0.03736554831510386,9.597680378250242,1.4154407166210814,0.0,1.0,543.0,399970.0,1.0,245.30542778288867,9.981486085384947,6028.636656404793,1.633557190077531,613,0,0,446220.0,CN1C2CCC1C(C(C2)OC(=O)C3=CC=CC=C3)C(=O)OC,ZPUCINDJVBIVPJ-LJISPDSOSA-N,True,,1.0,COCAINE,0.831079562761851,3.031986397479239,False,False,False,False,True,negative_expanded,True,True,True,0.0,0.6
ERGOCALCIFEROL,0.0,600.0,543.0,399371.0,600.0,0.6118352767970879,0.03817477109205943,9.806015733025168,1.4154531815893707,0.0,11.0,543.0,399960.0,11.0,31.995560177592896,1.8830114022506315,543.6588805858489,1.4452677773993903,600,0,0,5280793.0,CC(C)C(C)C=CC(C)C1CCC2C1(CCCC2=CC=C3CC(CCC3=C)O)C,MECHNRXZTMCUDQ-RKHKHRCZSA-N,True,,1.0,ERGOCALCIFEROL,0.8134547106967547,2.9676865228181786,False,False,False,False,True,negative_expanded,True,True,True,0.0,0.6
FENFLURAMINE,0.0,622.0,543.0,399349.0,622.0,0.5901796699216368,0.03682509446596235,9.458551236324974,1.4154323919488359,0.0,561.0,543.0,399410.0,561.0,0.6543953023713424,0.040826986256049164,10.48897435338449,1.4154940388405117,622,0,0,3337.0,CCNC(C)CC1=CC(=CC=C1)C(F)(F)F,DBGIVFWFUFKIQN-UHFFFAOYSA-N,True,,1.0,FINTEPLA,0.8432813834223023,3.076501695321512,False,False,False,False,True,negative_expanded,True,True,True,0.0,0.6
FLUCONAZOLE,0.0,548.0,543.0,399423.0,548.0,0.6699269312727947,0.04179476569295184,10.738236853431347,1.415508948777007,0.0,179.0,543.0,399792.0,179.0,2.0489938062644626,0.12749957489698785,32.928546008895886,1.416832191313128,548,0,0,3365.0,C1=CC(=C(C=C1F)F)C(CN2C=NC=N2)(CN3C=NC=N3)O,RFHAOTPXVQNOHP-UHFFFAOYSA-N,True,,1.0,FLUCONAZOLE,0.7429553024363692,2.7104870241739367,False,False,False,False,True,negative_expanded,True,True,True,0.0,0.6
HYDROCHLOROTHIAZIDE,0.0,575.0,543.0,399396.0,575.0,0.6384536625485459,0.039833600093921645,10.233146847398642,1.4154787351429399,0.0,103.0,543.0,399868.0,103.0,3.554244496886791,0.22053989376867994,57.28058415091187,1.418275101302241,575,0,0,3639.0,C1NC2=CC(=C(C=C2S(=O)(=O)N1)S(=O)(=O)N)Cl,JZUFKLXOESDKRF-UHFFFAOYSA-N,True,,1.0,HYDROCHLOROTHIAZIDE,0.7795607644177233,2.844032917700755,False,False,False,False,True,negative_expanded,True,True,True,0.0,0.6
ISOTRETINOIN,0.0,518.0,543.0,399453.0,518.0,0.7087416021199074,0.04421306953669249,11.361225624894047,1.4155462091121662,0.0,471.0,543.0,399500.0,471.0,0.7794819914520492,0.048619560128730734,12.496866968547675,1.4156141141931466,518,0,0,5282379.0,CC1=C(C(CCC1)(C)C)C=CC(=CC=CC(=CC(=O)O)C)C,SHGAZHPCJJPHSC-XFYACQKRSA-N,True,,1.0,ISOTRETINOIN,0.7022825669015316,2.5621026980330277,False,False,False,False,True,negative_expanded,True,True,True,0.0,0.6
LACOSAMIDE,0.0,584.0,543.0,399387.0,584.0,0.6286087307576987,0.03922009396646113,10.075165468056108,1.4154692840974166,0.0,288.0,543.0,399683.0,288.0,1.274502988684612,0.07942210496029425,20.45221376313407,1.416089203718714,584,0,0,219078.0,CC(=O)NC(COC)C(=O)NCC1=CC=CC=C1,VPPJLAIAVCUEMN-GFCCVEGCSA-N,True,,1.0,LACOSAMIDE,0.7917625850781745,2.8885482155430275,False,False,False,False,True,negative_expanded,True,True,True,0.0,0.6
LETROZOLE,0.0,889.0,543.0,399082.0,889.0,0.4127501004512939,0.02576272592575025,6.6127569696447805,1.4152620461399985,0.0,406.0,543.0,399565.0,406.0,0.9042695118763515,0.05638984108744706,14.500898288417481,1.415733892269931,889,0,0,3902.0,C1=CC(=CC=C1C#N)C(C2=CC=C(C=C2)C#N)N3C=NC=N3,HPJKCIUCZWXJDR-UHFFFAOYSA-N,True,,1.0,LETROZOLE,1.205268729682358,4.397122197975602,False,False,False,False,True,negative_expanded,True,True,True,0.0,0.6
LEVONORGESTREL,0.0,955.0,543.0,399016.0,955.0,0.38417634409223317,0.023980520103561723,6.154639796079852,1.4152346113065897,0.0,947.0,543.0,399024.0,947.0,0.387427816871494,0.024183331027626015,6.206767509171656,1.4152377332044608,955,0,0,13109.0,CCC12CCC3C(C1CCC2(C#C)O)CCC4=CC(=O)CCC34,WWYNJERNGUHSAO-XUDSTZEESA-N,True,,1.0,MIRENA,1.2947487478590012,4.7235677154856015,False,False,False,False,True,negative_expanded,True,True,True,0.0,0.6
LISDEXAMFETAMINE,0.0,552.0,543.0,399419.0,552.0,0.6650701211770533,0.041492142798391474,10.660289786229306,1.4155042863896503,0.0,294.0,543.0,399677.0,294.0,1.248518140768427,0.07780663203932775,20.034250384208214,1.4160642690777616,552,0,0,11597697.0,CC(CC1=CC=CC=C1)NC(=O)C(CCCCN)N.CS(=O)(=O)O.CS(=O)(=O)O,CETWSOHVEGTIBR-FORAGAHYSA-N,True,,1.0,LISDEXAMFETAMINE DIMESYLATE,0.7483783338410143,2.7302716009927246,False,False,False,False,True,negative_expanded,True,True,True,0.0,0.6
LORAZEPAM,0.0,912.0,543.0,399059.0,912.0,0.4023233481619639,0.025112409472905238,6.445581283265326,1.4152520350474262,0.0,211.0,543.0,399760.0,211.0,1.7388413683310824,0.10826330566315219,27.92792336885566,1.4165347014063658,912,0,0,3958.0,C1=CC=C(C(=C1)C2=NC(C(=O)NC3=C2C=C(C=C3)Cl)O)Cl,DIWRORZWFLOCLC-UHFFFAOYSA-N,True,,1.0,LORAZEPAM,1.236451160259067,4.5108835146836315,False,False,False,False,True,negative_expanded,True,True,True,0.0,0.6
MACITENTAN,0.0,646.0,543.0,399325.0,646.0,0.568236296070199,0.03545737064349501,9.106498375699962,1.415411325740892,0.0,487.0,543.0,399484.0,487.0,0.7538687990941901,0.04702422392296364,12.085646903577835,1.415589527963618,646,0,0,16004692.0,CCCNS(=O)(=O)NC1=C(C(=NC=N1)OCCOC2=NC=C(C=N2)Br)C3=CC=C(C=C3)Br,JGCMEBMXRHSZKX-UHFFFAOYSA-N,True,,1.0,OPSUMIT,0.8758195718501726,3.195209156234239,False,False,False,False,True,negative_expanded,True,True,True,0.0,0.6
MESALAMINE,0.0,730.0,543.0,399241.0,730.0,0.5027891697473785,0.03137740005757864,8.05665698086415,1.4153484929677715,0.0,236.0,543.0,399735.0,236.0,1.5549342508329265,0.09684641042847615,24.96551512561205,1.4163582731310917,730,0,0,4075.0,C1=CC(=C(C=C1N)C(=O)O)O,KBOPZPXVLCULAV-UHFFFAOYSA-N,True,,1.0,MESALAMINE,0.9897032313477182,3.6106852694287843,False,False,False,False,True,negative_expanded,True,True,True,0.0,0.6
METHAMPHETAMINE,0.0,752.0,543.0,399219.0,752.0,0.48806278978076756,0.03045921971404424,7.820465822988673,1.4153343544707346,0.0,22.0,543.0,399949.0,22.0,16.35283655320454,0.9906946549027411,269.9270274775788,1.430484837795582,752,0,0,10836.0,CC(CC1=CC=CC=C1)NC,MYWUZJCMWCOHBA-VIFPVBQESA-N,True,,1.0,METHAMPHETAMINE,1.019529904073266,3.7195004419321176,False,False,False,False,True,negative_expanded,True,True,True,0.0,0.6
MIRTAZAPINE,0.0,782.0,543.0,399189.0,782.0,0.4693158471744197,0.029290286219665274,7.5198092212961765,1.415316355713598,0.0,248.0,543.0,399723.0,248.0,1.4798024578010844,0.09217997815288292,23.755867141585387,1.416286190358954,782,0,0,4205.0,CN1CCN2C(C1)C3=CC=CC=C3CC4=C2N=CC=C4,RONZAEMNMFQXRA-UHFFFAOYSA-N,True,,1.0,MIRTAZAPINE,1.0602026396081037,3.867884768073026,False,False,False,False,True,negative_expanded,True,True,True,0.0,0.6
NINTEDANIB,0.0,802.0,543.0,399169.0,802.0,0.45759657464168724,0.028559509148090273,7.331870587762083,1.4153051040405993,0.0,689.0,543.0,399282.0,689.0,0.5327414169568098,0.033244746407000085,8.53709075913989,1.4153772490819543,802,0,0,135423438.0,CN1CCN(CC1)CC(=O)N(C)C2=CC=C(C=C2)N=C(C3=CC=CC=C3)C4=C(NC5=C4C=CC(=C5)C(=O)OC)O,CPMDPSXJELVGJG-UHFFFAOYSA-N,True,,1.0,OFEV,1.0873177966313288,3.9668076521669655,False,False,False,False,True,negative_expanded,True,True,True,0.0,0.6
OSIMERTINIB,0.0,738.0,543.0,399233.0,738.0,0.4973326050031797,0.031037192682614487,7.969139558739674,1.4153432542473903,0.0,694.0,543.0,399277.0,694.0,0.528899362384036,0.033005228686421785,8.475461212160045,1.4153735604906414,738,0,0,71496458.0,CN1C=C(C2=CC=CC=C21)C3=NC(=NC=C3)NC4=C(C=C(C(=C4)NC(=O)C=C)N(C)CCN(C)C)OC,DUYJMQONPNNFPI-UHFFFAOYSA-N,True,,1.0,OSIMERTINIB,1.0005492941570082,3.65025442306636,False,False,False,False,True,negative_expanded,True,True,True,0.0,0.6
PSEUDOEPHEDRINE,0.0,501.0,543.0,399470.0,501.0,0.7327979263680898,0.04571169404934976,11.747383509997285,1.4155693016107926,0.0,1.0,543.0,399970.0,1.0,245.30542778288867,9.981486085384947,6028.636656404793,1.633557190077531,501,0,0,7028.0,CC(C(C1=CC=CC=C1)O)NC,KWGRBVOPPLSCSI-WCBMZHEXSA-N,True,,1.0,PSEUDOEPHEDRINE,0.6792346834317902,2.4780182465531793,False,False,False,False,True,negative_expanded,True,True,True,0.0,0.6
RIOCIGUAT,0.0,538.0,543.0,399433.0,538.0,0.6823846266205063,0.04257096671498847,10.938177226876581,1.415520907709295,0.0,419.0,543.0,399552.0,419.0,0.876218348167146,0.0546434666412132,14.050327346649397,1.4157069680655712,538,0,0,11304743.0,CN(C1=C(N=C(N=C1N)C2=NN(C3=C2C=CC=N3)CC4=CC=CC=C4F)N)C(=O)OC,WXXSNCNJFUAIDG-UHFFFAOYSA-N,True,,1.0,ADEMPAS,0.7293977239247567,2.661025582126967,False,False,False,False,True,negative_expanded,True,True,True,0.0,0.6
RISPERIDONE,0.0,758.0,543.0,399213.0,758.0,0.4841947653669331,0.03021804243208922,7.75843012781587,1.415330640836461,0.0,288.0,543.0,399683.0,288.0,1.274502988684612,0.07942210496029425,20.45221376313407,1.416089203718714,758,0,0,5073.0,CC1=C(C(=O)N2CCCCC2=N1)CCN3CCC(CC3)C4=NOC5=C4C=CC(=C5)F,RAPZEAPATHNIPO-UHFFFAOYSA-N,True,,1.0,RISPERIDONE,1.0276644511802333,3.7491773071602994,False,False,False,False,True,negative_expanded,True,True,True,0.0,0.6
SPARSENTAN,0.0,605.0,543.0,399366.0,605.0,0.6067753656492881,0.03785942410069143,9.724826858951168,1.4154483240414282,0.0,604.0,543.0,399367.0,604.0,0.6077806515530942,0.03792207664446965,9.740957064812397,1.4154492891238122,605,0,0,10257882.0,CCCCC1=NC2(CCCC2)C(=O)N1CC3=CC(=C(C=C3)C4=CC=CC=C4S(=O)(=O)NC5=NOC(=C5C)C)COCC,WRFHGDPIDHPWIQ-UHFFFAOYSA-N,True,,1.0,FILSPARI,0.8202334999525609,2.9924172438416634,False,False,False,False,True,negative_expanded,True,True,True,0.0,0.6
SPIRONOLACTONE,0.0,540.0,543.0,399431.0,540.0,0.6798562100069189,0.04241343172757501,10.897596526820783,1.415518480529849,0.0,152.0,543.0,399819.0,152.0,2.4119293588912183,0.1499810599415376,38.78758580949499,1.417180230098049,540,0,0,5833.0,CC(=O)SC1CC2=CC(=O)CCC2(C3C1C4CCC5(C4(CC3)C)CCC(=O)O5)C,LXMSZDCAJNLERA-ZHYRCANASA-N,True,,1.0,SPIRONOLACTONE,0.7321092396270792,2.670917870536361,False,False,False,False,True,negative_expanded,True,True,True,0.0,0.6
TAFAMIDIS,0.0,768.0,543.0,399203.0,768.0,0.4778822770316253,0.02982444151573925,7.657191856565446,1.4153245802872807,0.0,710.0,543.0,399261.0,710.0,0.5169681741935108,0.03226140378925417,8.284081339882409,1.4153621058099035,768,0,0,11001318.0,C1=CC2=C(C=C1C(=O)O)OC(=N2)C3=CC(=CC(=C3)Cl)Cl,TXEIIPDJKFWEEC-UHFFFAOYSA-N,True,,1.0,VYNDAMAX,1.041222029691846,3.798638749207269,False,False,False,False,True,negative_expanded,True,True,True,0.0,0.6
TROFINETIDE,0.0,886.0,543.0,399085.0,886.0,0.41414999914385825,0.0258500356517727,6.635202523563856,1.4152633902269043,0.0,881.0,543.0,399090.0,881.0,0.41650433812483006,0.025996871447730874,6.672951552097034,1.4152656506992685,886,0,0,11318905.0,CC1(CCCN1C(=O)CN)C(=O)NC(CCC(=O)O)C(=O)O,BUSXWGRAOZQTEY-SDBXPKJASA-N,True,,1.0,DAYBUE,1.2012014561288744,4.38228376536151,False,False,False,False,True,negative_expanded,True,True,True,0.0,0.6
VENETOCLAX,0.0,938.0,543.0,399033.0,938.0,0.39115198311620014,0.02441562320144923,6.266474242060491,1.4152413089503237,0.0,532.0,543.0,399439.0,532.0,0.6900838332663877,0.04305066261077154,11.061750692229287,1.4155282986162039,938,0,0,49846579.0,CC1(CCC(=C(C1)C2=CC=C(C=C2)Cl)CN3CCN(CC3)C4=CC(=C(C=C4)C(=O)NS(=O)(=O)C5=CC(=C(C=C5)NCC6CCOCC6)[N+](=O)[O-])OC7=CN=C8C(=C7)C=CN8)C,LQBVNQSMGBZMKD-UHFFFAOYSA-N,True,,1.0,VENETOCLAX,1.2717008643892598,4.639483264005753,False,False,False,False,True,negative_expanded,True,True,True,0.0,0.6
VENLAFAXINE,0.0,708.0,543.0,399263.0,708.0,0.5184301025982955,0.03235254644473232,8.307530652624733,1.4153635093567494,0.0,316.0,543.0,399655.0,316.0,1.161669362609382,0.07240611360959975,18.637593439987803,1.4159809272090682,708,0,0,5656.0,CN(C)CC(C1=CC=C(C=C1)OC)C2(CCCCC2)O,PNVNVHUZROJLTJ-UHFFFAOYSA-N,True,,1.0,VENLAFAXINE,0.9598765586221705,3.501870096925451,False,False,False,False,True,negative_expanded,True,True,True,0.0,0.6
